Date,Close
2018-01-02 00:00:00-05:00,5.832767963409424
2018-01-03 00:00:00-05:00,5.890264987945557
2018-01-04 00:00:00-05:00,5.960538864135742
2018-01-05 00:00:00-05:00,5.9733171463012695
2018-01-08 00:00:00-05:00,5.960538864135742
2018-01-09 00:00:00-05:00,5.954150676727295
2018-01-10 00:00:00-05:00,5.928595542907715
2018-01-11 00:00:00-05:00,5.954150676727295
2018-01-12 00:00:00-05:00,6.056367874145508
2018-01-16 00:00:00-05:00,6.075533390045166
2018-01-17 00:00:00-05:00,6.094698905944824
2018-01-18 00:00:00-05:00,6.094698905944824
2018-01-19 00:00:00-05:00,6.113864898681641
2018-01-22 00:00:00-05:00,6.158586025238037
2018-01-23 00:00:00-05:00,6.177751541137695
2018-01-24 00:00:00-05:00,6.254413604736328
2018-01-25 00:00:00-05:00,6.235248565673828
2018-01-26 00:00:00-05:00,6.279967784881592
2018-01-29 00:00:00-05:00,6.203305244445801
2018-01-30 00:00:00-05:00,6.1010870933532715
2018-01-31 00:00:00-05:00,6.152196407318115
2018-02-01 00:00:00-05:00,6.222469806671143
2018-02-02 00:00:00-05:00,6.075533390045166
2018-02-05 00:00:00-05:00,5.839155673980713
2018-02-06 00:00:00-05:00,5.749716281890869
2018-02-07 00:00:00-05:00,5.641110420227051
2018-02-08 00:00:00-05:00,5.56444787979126
2018-02-09 00:00:00-05:00,5.455842018127441
2018-02-12 00:00:00-05:00,5.532504558563232
2018-02-13 00:00:00-05:00,5.551670074462891
2018-02-14 00:00:00-05:00,5.7369384765625
2018-02-15 00:00:00-05:00,5.794435977935791
2018-02-16 00:00:00-05:00,5.775270462036133
2018-02-20 00:00:00-05:00,5.717772960662842
2018-02-21 00:00:00-05:00,5.730550289154053
2018-02-22 00:00:00-05:00,5.730550289154053
2018-02-23 00:00:00-05:00,5.730550289154053
2018-02-26 00:00:00-05:00,5.756104946136475
2018-02-27 00:00:00-05:00,5.717772960662842
2018-02-28 00:00:00-05:00,5.621944904327393
2018-03-01 00:00:00-05:00,5.545281887054443
2018-03-02 00:00:00-05:00,5.596390247344971
2018-03-05 00:00:00-05:00,5.6283345222473145
2018-03-06 00:00:00-05:00,5.67305326461792
2018-03-07 00:00:00-05:00,5.641110420227051
2018-03-08 00:00:00-05:00,5.583613395690918
2018-03-09 00:00:00-05:00,5.641110420227051
2018-03-12 00:00:00-04:00,5.641110420227051
2018-03-13 00:00:00-04:00,5.647499084472656
2018-03-14 00:00:00-04:00,5.609167098999023
2018-03-15 00:00:00-04:00,5.596390247344971
2018-03-16 00:00:00-04:00,5.615555763244629
2018-03-19 00:00:00-04:00,5.590002059936523
2018-03-20 00:00:00-04:00,5.615555763244629
2018-03-21 00:00:00-04:00,5.698607921600342
2018-03-22 00:00:00-04:00,5.615555763244629
2018-03-23 00:00:00-04:00,5.634721755981445
2018-03-26 00:00:00-04:00,5.698607921600342
2018-03-27 00:00:00-04:00,5.615555763244629
2018-03-28 00:00:00-04:00,5.519728183746338
2018-03-29 00:00:00-04:00,5.532504558563232
2018-04-02 00:00:00-04:00,5.494174003601074
2018-04-03 00:00:00-04:00,5.519728183746338
2018-04-04 00:00:00-04:00,5.513339042663574
2018-04-05 00:00:00-04:00,5.468619346618652
2018-04-06 00:00:00-04:00,5.449452877044678
2018-04-09 00:00:00-04:00,5.494174003601074
2018-04-10 00:00:00-04:00,5.551670074462891
2018-04-11 00:00:00-04:00,5.609167098999023
2018-04-12 00:00:00-04:00,5.609167098999023
2018-04-13 00:00:00-04:00,5.621944904327393
2018-04-16 00:00:00-04:00,5.609167098999023
2018-04-17 00:00:00-04:00,5.596390247344971
2018-04-18 00:00:00-04:00,5.621944904327393
2018-04-19 00:00:00-04:00,5.621944904327393
2018-04-20 00:00:00-04:00,5.5772247314453125
2018-04-23 00:00:00-04:00,5.551670074462891
2018-04-24 00:00:00-04:00,5.545281887054443
2018-04-25 00:00:00-04:00,5.538893222808838
2018-04-26 00:00:00-04:00,5.526115894317627
2018-04-27 00:00:00-04:00,5.494174003601074
2018-04-30 00:00:00-04:00,5.475007057189941
2018-05-01 00:00:00-04:00,5.436676025390625
2018-05-02 00:00:00-04:00,5.4302873611450195
2018-05-03 00:00:00-04:00,5.423898696899414
2018-05-04 00:00:00-04:00,5.4302873611450195
2018-05-07 00:00:00-04:00,5.455842018127441
2018-05-08 00:00:00-04:00,5.4430646896362305
2018-05-09 00:00:00-04:00,5.500561714172363
2018-05-10 00:00:00-04:00,5.494174003601074
2018-05-11 00:00:00-04:00,5.487784385681152
2018-05-14 00:00:00-04:00,5.506950855255127
2018-05-15 00:00:00-04:00,5.56444787979126
2018-05-16 00:00:00-04:00,5.570836544036865
2018-05-17 00:00:00-04:00,5.590002059936523
2018-05-18 00:00:00-04:00,5.558059215545654
2018-05-21 00:00:00-04:00,5.583613395690918
2018-05-22 00:00:00-04:00,5.596390247344971
2018-05-23 00:00:00-04:00,5.500561714172363
2018-05-24 00:00:00-04:00,5.468619346618652
2018-05-25 00:00:00-04:00,5.404733657836914
2018-05-29 00:00:00-04:00,5.219465255737305
2018-05-30 00:00:00-04:00,5.283350944519043
2018-05-31 00:00:00-04:00,5.251407623291016
2018-06-01 00:00:00-04:00,5.308904647827148
2018-06-04 00:00:00-04:00,5.302515983581543
2018-06-05 00:00:00-04:00,5.315292835235596
2018-06-06 00:00:00-04:00,5.2769622802734375
2018-06-07 00:00:00-04:00,5.251407623291016
2018-06-08 00:00:00-04:00,5.270573139190674
2018-06-11 00:00:00-04:00,5.24501895904541
2018-06-12 00:00:00-04:00,5.264184474945068
2018-06-13 00:00:00-04:00,5.283350944519043
2018-06-14 00:00:00-04:00,5.347236156463623
2018-06-15 00:00:00-04:00,5.283350944519043
2018-06-18 00:00:00-04:00,5.289739608764648
2018-06-19 00:00:00-04:00,5.270573139190674
2018-06-20 00:00:00-04:00,5.296127796173096
2018-06-21 00:00:00-04:00,5.264184474945068
2018-06-22 00:00:00-04:00,5.283350944519043
2018-06-25 00:00:00-04:00,5.20029878616333
2018-06-26 00:00:00-04:00,5.251407623291016
2018-06-27 00:00:00-04:00,5.283350944519043
2018-06-28 00:00:00-04:00,5.308904647827148
2018-06-29 00:00:00-04:00,5.308904647827148
2018-07-02 00:00:00-04:00,5.3536248207092285
2018-07-03 00:00:00-04:00,5.296127796173096
2018-07-05 00:00:00-04:00,5.302515983581543
2018-07-06 00:00:00-04:00,5.283350944519043
2018-07-09 00:00:00-04:00,5.340847015380859
2018-07-10 00:00:00-04:00,5.347236156463623
2018-07-11 00:00:00-04:00,5.328070163726807
2018-07-12 00:00:00-04:00,5.360013008117676
2018-07-13 00:00:00-04:00,5.385568141937256
2018-07-16 00:00:00-04:00,5.296127796173096
2018-07-17 00:00:00-04:00,5.347236156463623
2018-07-18 00:00:00-04:00,5.37917947769165
2018-07-19 00:00:00-04:00,5.4111223220825195
2018-07-20 00:00:00-04:00,5.315292835235596
2018-07-23 00:00:00-04:00,5.347236156463623
2018-07-24 00:00:00-04:00,5.340847015380859
2018-07-25 00:00:00-04:00,5.289739608764648
2018-07-26 00:00:00-04:00,5.366401195526123
2018-07-27 00:00:00-04:00,5.302515983581543
2018-07-30 00:00:00-04:00,5.24501895904541
2018-07-31 00:00:00-04:00,5.251407623291016
2018-08-01 00:00:00-04:00,5.232241630554199
2018-08-02 00:00:00-04:00,5.308904647827148
2018-08-03 00:00:00-04:00,5.308904647827148
2018-08-06 00:00:00-04:00,5.3727898597717285
2018-08-07 00:00:00-04:00,5.385568141937256
2018-08-08 00:00:00-04:00,5.33445930480957
2018-08-09 00:00:00-04:00,5.3727898597717285
2018-08-10 00:00:00-04:00,5.4430646896362305
2018-08-13 00:00:00-04:00,5.494174003601074
2018-08-14 00:00:00-04:00,5.513339042663574
2018-08-15 00:00:00-04:00,5.475007057189941
2018-08-16 00:00:00-04:00,5.500561714172363
2018-08-17 00:00:00-04:00,5.500561714172363
2018-08-20 00:00:00-04:00,5.4430646896362305
2018-08-21 00:00:00-04:00,5.391956329345703
2018-08-22 00:00:00-04:00,5.39834451675415
2018-08-23 00:00:00-04:00,5.462230682373047
2018-08-24 00:00:00-04:00,5.436676025390625
2018-08-27 00:00:00-04:00,5.4111223220825195
2018-08-28 00:00:00-04:00,5.436676025390625
2018-08-29 00:00:00-04:00,5.449452877044678
2018-08-30 00:00:00-04:00,5.526115894317627
2018-08-31 00:00:00-04:00,5.538893222808838
2018-09-04 00:00:00-04:00,5.5772247314453125
2018-09-05 00:00:00-04:00,5.513339042663574
2018-09-06 00:00:00-04:00,5.494174003601074
2018-09-07 00:00:00-04:00,5.545281887054443
2018-09-10 00:00:00-04:00,5.532504558563232
2018-09-11 00:00:00-04:00,5.615555763244629
2018-09-12 00:00:00-04:00,5.56444787979126
2018-09-13 00:00:00-04:00,5.526115894317627
2018-09-14 00:00:00-04:00,5.583613395690918
2018-09-17 00:00:00-04:00,5.558059215545654
2018-09-18 00:00:00-04:00,5.5772247314453125
2018-09-19 00:00:00-04:00,5.538893222808838
2018-09-20 00:00:00-04:00,5.481395721435547
2018-09-21 00:00:00-04:00,5.4302873611450195
2018-09-24 00:00:00-04:00,5.494174003601074
2018-09-25 00:00:00-04:00,5.513339042663574
2018-09-26 00:00:00-04:00,5.449452877044678
2018-09-27 00:00:00-04:00,5.494174003601074
2018-09-28 00:00:00-04:00,5.513339042663574
2018-10-01 00:00:00-04:00,5.570836544036865
2018-10-02 00:00:00-04:00,5.532504558563232
2018-10-03 00:00:00-04:00,5.67305326461792
2018-10-04 00:00:00-04:00,5.679441928863525
2018-10-05 00:00:00-04:00,5.692219257354736
2018-10-08 00:00:00-04:00,5.685830116271973
2018-10-09 00:00:00-04:00,5.641110420227051
2018-10-10 00:00:00-04:00,5.570836544036865
2018-10-11 00:00:00-04:00,5.366401195526123
2018-10-12 00:00:00-04:00,5.37917947769165
2018-10-15 00:00:00-04:00,5.340847015380859
2018-10-16 00:00:00-04:00,5.3536248207092285
2018-10-17 00:00:00-04:00,5.366401195526123
2018-10-18 00:00:00-04:00,5.366401195526123
2018-10-19 00:00:00-04:00,5.366401195526123
2018-10-22 00:00:00-04:00,5.3536248207092285
2018-10-23 00:00:00-04:00,5.33445930480957
2018-10-24 00:00:00-04:00,5.328070163726807
2018-10-25 00:00:00-04:00,5.328070163726807
2018-10-26 00:00:00-04:00,5.315292835235596
2018-10-29 00:00:00-04:00,5.289739608764648
2018-10-30 00:00:00-04:00,5.289739608764648
2018-10-31 00:00:00-04:00,5.283350944519043
2018-11-01 00:00:00-04:00,5.130024433135986
2018-11-02 00:00:00-04:00,5.110858917236328
2018-11-05 00:00:00-05:00,5.1428022384643555
2018-11-06 00:00:00-05:00,5.136413097381592
2018-11-07 00:00:00-05:00,5.104470729827881
2018-11-08 00:00:00-05:00,5.117247581481934
2018-11-09 00:00:00-05:00,5.136413097381592
2018-11-12 00:00:00-05:00,5.18113374710083
2018-11-13 00:00:00-05:00,5.117247581481934
2018-11-14 00:00:00-05:00,5.1619672775268555
2018-11-15 00:00:00-05:00,5.072526931762695
2018-11-16 00:00:00-05:00,5.0150299072265625
2018-11-19 00:00:00-05:00,5.040584564208984
2018-11-20 00:00:00-05:00,5.078916072845459
2018-11-21 00:00:00-05:00,5.046973705291748
2018-11-23 00:00:00-05:00,5.053361892700195
2018-11-26 00:00:00-05:00,5.034195899963379
2018-11-27 00:00:00-05:00,5.046973705291748
2018-11-28 00:00:00-05:00,4.989476203918457
2018-11-29 00:00:00-05:00,4.976698875427246
2018-11-30 00:00:00-05:00,4.995864391326904
2018-12-03 00:00:00-05:00,4.9064249992370605
2018-12-04 00:00:00-05:00,4.91281270980835
2018-12-06 00:00:00-05:00,4.995864391326904
2018-12-07 00:00:00-05:00,4.931979179382324
2018-12-10 00:00:00-05:00,5.027807235717773
2018-12-11 00:00:00-05:00,5.021419048309326
2018-12-12 00:00:00-05:00,4.93836784362793
2018-12-13 00:00:00-05:00,4.944756031036377
2018-12-14 00:00:00-05:00,4.989476203918457
2018-12-17 00:00:00-05:00,4.970310211181641
2018-12-18 00:00:00-05:00,5.0150299072265625
2018-12-19 00:00:00-05:00,4.989476203918457
2018-12-20 00:00:00-05:00,5.008642196655273
2018-12-21 00:00:00-05:00,5.059750080108643
2018-12-24 00:00:00-05:00,5.059750080108643
2018-12-26 00:00:00-05:00,5.059750080108643
2018-12-27 00:00:00-05:00,5.053361892700195
2018-12-28 00:00:00-05:00,5.021419048309326
2018-12-31 00:00:00-05:00,4.995864391326904
2019-01-02 00:00:00-05:00,5.046973705291748
2019-01-03 00:00:00-05:00,5.053361892700195
2019-01-04 00:00:00-05:00,4.983087539672852
2019-01-07 00:00:00-05:00,4.919201850891113
2019-01-08 00:00:00-05:00,4.887259006500244
2019-01-09 00:00:00-05:00,4.8169846534729
2019-01-10 00:00:00-05:00,4.842538356781006
2019-01-11 00:00:00-05:00,4.842538356781006
2019-01-14 00:00:00-05:00,4.861704349517822
2019-01-15 00:00:00-05:00,4.8489274978637695
2019-01-16 00:00:00-05:00,4.829761505126953
2019-01-17 00:00:00-05:00,4.810595989227295
2019-01-18 00:00:00-05:00,4.753098487854004
2019-01-22 00:00:00-05:00,4.804208278656006
2019-01-23 00:00:00-05:00,4.810595989227295
2019-01-24 00:00:00-05:00,4.842538356781006
2019-01-25 00:00:00-05:00,4.797819137573242
2019-01-28 00:00:00-05:00,4.829761505126953
2019-01-29 00:00:00-05:00,4.810595989227295
2019-01-30 00:00:00-05:00,4.785041332244873
2019-01-31 00:00:00-05:00,4.823373317718506
2019-02-01 00:00:00-05:00,4.797819137573242
2019-02-04 00:00:00-05:00,4.778653144836426
2019-02-05 00:00:00-05:00,4.791430473327637
2019-02-06 00:00:00-05:00,4.797819137573242
2019-02-07 00:00:00-05:00,4.8489274978637695
2019-02-08 00:00:00-05:00,4.8808698654174805
2019-02-11 00:00:00-05:00,4.868093013763428
2019-02-12 00:00:00-05:00,4.810595989227295
2019-02-13 00:00:00-05:00,4.810595989227295
2019-02-14 00:00:00-05:00,4.836150169372559
2019-02-15 00:00:00-05:00,4.8169846534729
2019-02-19 00:00:00-05:00,4.823373317718506
2019-02-20 00:00:00-05:00,4.823373317718506
2019-02-21 00:00:00-05:00,4.804208278656006
2019-02-22 00:00:00-05:00,4.836150169372559
2019-02-25 00:00:00-05:00,4.842538356781006
2019-02-26 00:00:00-05:00,4.836150169372559
2019-02-27 00:00:00-05:00,4.804208278656006
2019-02-28 00:00:00-05:00,4.804208278656006
2019-03-01 00:00:00-05:00,4.791430473327637
2019-03-04 00:00:00-05:00,4.810595989227295
2019-03-05 00:00:00-05:00,4.810595989227295
2019-03-06 00:00:00-05:00,4.855315685272217
2019-03-07 00:00:00-05:00,4.93836784362793
2019-03-08 00:00:00-05:00,4.9064249992370605
2019-03-11 00:00:00-04:00,4.931979179382324
2019-03-12 00:00:00-04:00,4.900036334991455
2019-03-13 00:00:00-04:00,4.919201850891113
2019-03-14 00:00:00-04:00,4.944756031036377
2019-03-15 00:00:00-04:00,4.93836784362793
2019-03-18 00:00:00-04:00,4.95753288269043
2019-03-19 00:00:00-04:00,4.963921546936035
2019-03-20 00:00:00-04:00,4.919201850891113
2019-03-21 00:00:00-04:00,4.95753288269043
2019-03-22 00:00:00-04:00,4.970310211181641
2019-03-25 00:00:00-04:00,4.970310211181641
2019-03-26 00:00:00-04:00,4.995864391326904
2019-03-27 00:00:00-04:00,5.027807235717773
2019-03-28 00:00:00-04:00,5.027807235717773
2019-03-29 00:00:00-04:00,5.040584564208984
2019-04-01 00:00:00-04:00,5.040584564208984
2019-04-02 00:00:00-04:00,5.078916072845459
2019-04-03 00:00:00-04:00,5.046973705291748
2019-04-04 00:00:00-04:00,5.034195899963379
2019-04-05 00:00:00-04:00,5.053361892700195
2019-04-08 00:00:00-04:00,5.059750080108643
2019-04-09 00:00:00-04:00,5.046973705291748
2019-04-10 00:00:00-04:00,5.053361892700195
2019-04-11 00:00:00-04:00,5.059750080108643
2019-04-12 00:00:00-04:00,5.034195899963379
2019-04-15 00:00:00-04:00,5.027807235717773
2019-04-16 00:00:00-04:00,5.066138744354248
2019-04-17 00:00:00-04:00,5.066138744354248
2019-04-18 00:00:00-04:00,5.098081588745117
2019-04-22 00:00:00-04:00,5.104470729827881
2019-04-23 00:00:00-04:00,5.149190902709961
2019-04-24 00:00:00-04:00,5.213076114654541
2019-04-25 00:00:00-04:00,5.174745082855225
2019-04-26 00:00:00-04:00,5.18113374710083
2019-04-29 00:00:00-04:00,5.193910598754883
2019-04-30 00:00:00-04:00,5.2066874504089355
2019-05-01 00:00:00-04:00,5.18113374710083
2019-05-02 00:00:00-04:00,5.1619672775268555
2019-05-03 00:00:00-04:00,5.187521457672119
2019-05-06 00:00:00-04:00,5.18113374710083
2019-05-07 00:00:00-04:00,5.149190902709961
2019-05-08 00:00:00-04:00,5.130024433135986
2019-05-09 00:00:00-04:00,5.110858917236328
2019-05-10 00:00:00-04:00,5.123636245727539
2019-05-13 00:00:00-04:00,5.09169340133667
2019-05-14 00:00:00-04:00,5.078916072845459
2019-05-15 00:00:00-04:00,5.136413097381592
2019-05-16 00:00:00-04:00,5.18113374710083
2019-05-17 00:00:00-04:00,5.2066874504089355
2019-05-20 00:00:00-04:00,5.155578136444092
2019-05-21 00:00:00-04:00,5.1619672775268555
2019-05-22 00:00:00-04:00,5.168356418609619
2019-05-23 00:00:00-04:00,5.155578136444092
2019-05-24 00:00:00-04:00,5.130024433135986
2019-05-28 00:00:00-04:00,5.136413097381592
2019-05-29 00:00:00-04:00,5.104470729827881
2019-05-30 00:00:00-04:00,5.034195899963379
2019-05-31 00:00:00-04:00,5.09169340133667
2019-06-03 00:00:00-04:00,5.078916072845459
2019-06-04 00:00:00-04:00,5.085304260253906
2019-06-05 00:00:00-04:00,5.123636245727539
2019-06-06 00:00:00-04:00,5.110858917236328
2019-06-07 00:00:00-04:00,5.149190902709961
2019-06-10 00:00:00-04:00,5.130024433135986
2019-06-11 00:00:00-04:00,5.117247581481934
2019-06-12 00:00:00-04:00,5.136413097381592
2019-06-13 00:00:00-04:00,5.168356418609619
2019-06-14 00:00:00-04:00,5.187521457672119
2019-06-17 00:00:00-04:00,5.18113374710083
2019-06-18 00:00:00-04:00,5.2386298179626465
2019-06-19 00:00:00-04:00,5.2386298179626465
2019-06-20 00:00:00-04:00,5.24501895904541
2019-06-21 00:00:00-04:00,5.193910598754883
2019-06-24 00:00:00-04:00,5.193910598754883
2019-06-25 00:00:00-04:00,5.187521457672119
2019-06-26 00:00:00-04:00,5.123636245727539
2019-06-27 00:00:00-04:00,5.136413097381592
2019-06-28 00:00:00-04:00,5.149190902709961
2019-07-01 00:00:00-04:00,5.193910598754883
2019-07-02 00:00:00-04:00,5.296127796173096
2019-07-03 00:00:00-04:00,5.296127796173096
2019-07-05 00:00:00-04:00,5.270573139190674
2019-07-08 00:00:00-04:00,5.264184474945068
2019-07-09 00:00:00-04:00,5.257795333862305
2019-07-10 00:00:00-04:00,5.213076114654541
2019-07-11 00:00:00-04:00,5.18113374710083
2019-07-12 00:00:00-04:00,5.168356418609619
2019-07-15 00:00:00-04:00,5.2066874504089355
2019-07-16 00:00:00-04:00,5.257795333862305
2019-07-17 00:00:00-04:00,5.296127796173096
2019-07-18 00:00:00-04:00,5.340847015380859
2019-07-19 00:00:00-04:00,5.315292835235596
2019-07-22 00:00:00-04:00,5.328070163726807
2019-07-23 00:00:00-04:00,5.347236156463623
2019-07-24 00:00:00-04:00,5.391956329345703
2019-07-25 00:00:00-04:00,5.3536248207092285
2019-07-26 00:00:00-04:00,5.39834451675415
2019-07-29 00:00:00-04:00,5.455842018127441
2019-07-30 00:00:00-04:00,5.423898696899414
2019-07-31 00:00:00-04:00,5.391956329345703
2019-08-01 00:00:00-04:00,5.532504558563232
2019-08-02 00:00:00-04:00,5.551670074462891
2019-08-05 00:00:00-04:00,5.56444787979126
2019-08-06 00:00:00-04:00,5.551670074462891
2019-08-07 00:00:00-04:00,5.704996109008789
2019-08-08 00:00:00-04:00,5.692219257354736
2019-08-09 00:00:00-04:00,5.660276412963867
2019-08-12 00:00:00-04:00,5.704996109008789
2019-08-13 00:00:00-04:00,5.621944904327393
2019-08-14 00:00:00-04:00,5.692219257354736
2019-08-15 00:00:00-04:00,5.730550289154053
2019-08-16 00:00:00-04:00,5.698607921600342
2019-08-19 00:00:00-04:00,5.641110420227051
2019-08-20 00:00:00-04:00,5.660276412963867
2019-08-21 00:00:00-04:00,5.634721755981445
2019-08-22 00:00:00-04:00,5.615555763244629
2019-08-23 00:00:00-04:00,5.698607921600342
2019-08-26 00:00:00-04:00,5.698607921600342
2019-08-27 00:00:00-04:00,5.717772960662842
2019-08-28 00:00:00-04:00,5.7113847732543945
2019-08-29 00:00:00-04:00,5.692219257354736
2019-08-30 00:00:00-04:00,5.692219257354736
2019-09-03 00:00:00-04:00,5.800825119018555
2019-09-04 00:00:00-04:00,5.653887748718262
2019-09-05 00:00:00-04:00,5.526115894317627
2019-09-06 00:00:00-04:00,5.519728183746338
2019-09-09 00:00:00-04:00,5.4111223220825195
2019-09-10 00:00:00-04:00,5.347236156463623
2019-09-11 00:00:00-04:00,5.366401195526123
2019-09-12 00:00:00-04:00,5.2769622802734375
2019-09-13 00:00:00-04:00,5.155578136444092
2019-09-16 00:00:00-04:00,5.130024433135986
2019-09-17 00:00:00-04:00,5.168356418609619
2019-09-18 00:00:00-04:00,5.219465255737305
2019-09-19 00:00:00-04:00,5.251407623291016
2019-09-20 00:00:00-04:00,5.289739608764648
2019-09-23 00:00:00-04:00,5.328070163726807
2019-09-24 00:00:00-04:00,5.347236156463623
2019-09-25 00:00:00-04:00,5.308904647827148
2019-09-26 00:00:00-04:00,5.340847015380859
2019-09-27 00:00:00-04:00,5.340847015380859
2019-09-30 00:00:00-04:00,5.315292835235596
2019-10-01 00:00:00-04:00,5.296127796173096
2019-10-02 00:00:00-04:00,5.219465255737305
2019-10-03 00:00:00-04:00,5.232241630554199
2019-10-04 00:00:00-04:00,5.251407623291016
2019-10-07 00:00:00-04:00,5.264184474945068
2019-10-08 00:00:00-04:00,5.264184474945068
2019-10-09 00:00:00-04:00,5.257795333862305
2019-10-10 00:00:00-04:00,5.168356418609619
2019-10-11 00:00:00-04:00,5.040584564208984
2019-10-14 00:00:00-04:00,5.078916072845459
2019-10-15 00:00:00-04:00,5.072526931762695
2019-10-16 00:00:00-04:00,5.085304260253906
2019-10-17 00:00:00-04:00,5.021419048309326
2019-10-18 00:00:00-04:00,4.976698875427246
2019-10-21 00:00:00-04:00,4.970310211181641
2019-10-22 00:00:00-04:00,4.970310211181641
2019-10-23 00:00:00-04:00,4.970310211181641
2019-10-24 00:00:00-04:00,5.008642196655273
2019-10-25 00:00:00-04:00,5.008642196655273
2019-10-28 00:00:00-04:00,4.976698875427246
2019-10-29 00:00:00-04:00,4.963921546936035
2019-10-30 00:00:00-04:00,4.970310211181641
2019-10-31 00:00:00-04:00,5.027807235717773
2019-11-01 00:00:00-04:00,4.983087539672852
2019-11-04 00:00:00-05:00,4.976698875427246
2019-11-05 00:00:00-05:00,4.93836784362793
2019-11-06 00:00:00-05:00,4.970310211181641
2019-11-07 00:00:00-05:00,4.919201850891113
2019-11-08 00:00:00-05:00,4.91281270980835
2019-11-11 00:00:00-05:00,4.9064249992370605
2019-11-12 00:00:00-05:00,4.93836784362793
2019-11-13 00:00:00-05:00,4.9064249992370605
2019-11-14 00:00:00-05:00,4.931979179382324
2019-11-15 00:00:00-05:00,4.944756031036377
2019-11-18 00:00:00-05:00,4.95753288269043
2019-11-19 00:00:00-05:00,4.95753288269043
2019-11-20 00:00:00-05:00,4.931979179382324
2019-11-21 00:00:00-05:00,4.9064249992370605
2019-11-22 00:00:00-05:00,4.91281270980835
2019-11-25 00:00:00-05:00,4.963921546936035
2019-11-26 00:00:00-05:00,4.983087539672852
2019-11-27 00:00:00-05:00,5.00225305557251
2019-11-29 00:00:00-05:00,4.95753288269043
2019-12-02 00:00:00-05:00,4.919201850891113
2019-12-03 00:00:00-05:00,4.874481201171875
2019-12-04 00:00:00-05:00,4.887259006500244
2019-12-05 00:00:00-05:00,4.89364767074585
2019-12-06 00:00:00-05:00,4.93836784362793
2019-12-09 00:00:00-05:00,4.93836784362793
2019-12-10 00:00:00-05:00,4.944756031036377
2019-12-11 00:00:00-05:00,4.944756031036377
2019-12-12 00:00:00-05:00,4.944756031036377
2019-12-13 00:00:00-05:00,5.021419048309326
2019-12-16 00:00:00-05:00,5.034195899963379
2019-12-17 00:00:00-05:00,5.040584564208984
2019-12-18 00:00:00-05:00,5.040584564208984
2019-12-19 00:00:00-05:00,5.046973705291748
2019-12-20 00:00:00-05:00,5.034195899963379
2019-12-23 00:00:00-05:00,5.04684591293335
2019-12-24 00:00:00-05:00,5.0668206214904785
2019-12-26 00:00:00-05:00,5.080136775970459
2019-12-27 00:00:00-05:00,5.113427639007568
2019-12-30 00:00:00-05:00,5.100111484527588
2019-12-31 00:00:00-05:00,5.086795330047607
2020-01-02 00:00:00-05:00,5.106769561767578
2020-01-03 00:00:00-05:00,5.113427639007568
2020-01-06 00:00:00-05:00,5.106769561767578
2020-01-07 00:00:00-05:00,5.1200852394104
2020-01-08 00:00:00-05:00,5.073478698730469
2020-01-09 00:00:00-05:00,5.100111484527588
2020-01-10 00:00:00-05:00,5.106769561767578
2020-01-13 00:00:00-05:00,5.113427639007568
2020-01-14 00:00:00-05:00,5.126743316650391
2020-01-15 00:00:00-05:00,5.1400604248046875
2020-01-16 00:00:00-05:00,5.16669225692749
2020-01-17 00:00:00-05:00,5.206640720367432
2020-01-21 00:00:00-05:00,5.16669225692749
2020-01-22 00:00:00-05:00,5.173350811004639
2020-01-23 00:00:00-05:00,5.1200852394104
2020-01-24 00:00:00-05:00,5.133401870727539
2020-01-27 00:00:00-05:00,5.040188312530518
2020-01-28 00:00:00-05:00,5.013556003570557
2020-01-29 00:00:00-05:00,5.020214080810547
2020-01-30 00:00:00-05:00,4.993581771850586
2020-01-31 00:00:00-05:00,4.953632831573486
2020-02-03 00:00:00-05:00,4.940316677093506
2020-02-04 00:00:00-05:00,4.940316677093506
2020-02-05 00:00:00-05:00,4.960290908813477
2020-02-06 00:00:00-05:00,5.013556003570557
2020-02-07 00:00:00-05:00,5.026872634887695
2020-02-10 00:00:00-05:00,5.080136775970459
2020-02-11 00:00:00-05:00,5.0668206214904785
2020-02-12 00:00:00-05:00,5.0668206214904785
2020-02-13 00:00:00-05:00,5.0668206214904785
2020-02-14 00:00:00-05:00,5.073478698730469
2020-02-18 00:00:00-05:00,5.100111484527588
2020-02-19 00:00:00-05:00,5.126743316650391
2020-02-20 00:00:00-05:00,5.193325042724609
2020-02-21 00:00:00-05:00,5.1999831199646
2020-02-24 00:00:00-05:00,5.180008411407471
2020-02-25 00:00:00-05:00,5.100111484527588
2020-02-26 00:00:00-05:00,5.100111484527588
2020-02-27 00:00:00-05:00,4.986922740936279
2020-02-28 00:00:00-05:00,4.933658599853516
2020-03-02 00:00:00-05:00,4.960290908813477
2020-03-03 00:00:00-05:00,4.960290908813477
2020-03-04 00:00:00-05:00,5.026872634887695
2020-03-05 00:00:00-05:00,5.053504943847656
2020-03-06 00:00:00-05:00,5.153375148773193
2020-03-09 00:00:00-04:00,5.319828987121582
2020-03-10 00:00:00-04:00,5.193325042724609
2020-03-11 00:00:00-04:00,5.226614952087402
2020-03-12 00:00:00-04:00,5.25990629196167
2020-03-13 00:00:00-04:00,5.173350811004639
2020-03-16 00:00:00-04:00,5.2532477378845215
2020-03-17 00:00:00-04:00,5.279880523681641
2020-03-18 00:00:00-04:00,5.373093128204346
2020-03-19 00:00:00-04:00,5.286538124084473
2020-03-20 00:00:00-04:00,5.353119373321533
2020-03-23 00:00:00-04:00,5.433016300201416
2020-03-24 00:00:00-04:00,5.346460819244385
2020-03-25 00:00:00-04:00,5.293196201324463
2020-03-26 00:00:00-04:00,5.313170433044434
2020-03-27 00:00:00-04:00,5.299854278564453
2020-03-30 00:00:00-04:00,5.359777450561523
2020-03-31 00:00:00-04:00,5.326487064361572
2020-04-01 00:00:00-04:00,5.399725914001465
2020-04-02 00:00:00-04:00,5.393067836761475
2020-04-03 00:00:00-04:00,5.4197001457214355
2020-04-06 00:00:00-04:00,5.386409759521484
2020-04-07 00:00:00-04:00,5.266563892364502
2020-04-08 00:00:00-04:00,5.286538124084473
2020-04-09 00:00:00-04:00,5.293196201324463
2020-04-13 00:00:00-04:00,5.293196201324463
2020-04-14 00:00:00-04:00,5.293196201324463
2020-04-15 00:00:00-04:00,5.366435527801514
2020-04-16 00:00:00-04:00,5.379752159118652
2020-04-17 00:00:00-04:00,5.326487064361572
2020-04-20 00:00:00-04:00,5.313170433044434
2020-04-21 00:00:00-04:00,5.379752159118652
2020-04-22 00:00:00-04:00,5.373093128204346
2020-04-23 00:00:00-04:00,5.373093128204346
2020-04-24 00:00:00-04:00,5.4130425453186035
2020-04-27 00:00:00-04:00,5.373093128204346
2020-04-28 00:00:00-04:00,5.373093128204346
2020-04-29 00:00:00-04:00,5.359777450561523
2020-04-30 00:00:00-04:00,5.313170433044434
2020-05-01 00:00:00-04:00,5.353119373321533
2020-05-04 00:00:00-04:00,5.393067836761475
2020-05-05 00:00:00-04:00,5.359777450561523
2020-05-06 00:00:00-04:00,5.393067836761475
2020-05-07 00:00:00-04:00,5.399725914001465
2020-05-08 00:00:00-04:00,5.373093128204346
2020-05-11 00:00:00-04:00,5.353119373321533
2020-05-12 00:00:00-04:00,5.386409759521484
2020-05-13 00:00:00-04:00,5.459648609161377
2020-05-14 00:00:00-04:00,5.472965240478516
2020-05-15 00:00:00-04:00,5.506256103515625
2020-05-18 00:00:00-04:00,5.373093128204346
2020-05-19 00:00:00-04:00,5.319828987121582
2020-05-20 00:00:00-04:00,5.319828987121582
2020-05-21 00:00:00-04:00,5.353119373321533
2020-05-22 00:00:00-04:00,5.399725914001465
2020-05-26 00:00:00-04:00,5.239931106567383
2020-05-27 00:00:00-04:00,5.266563892364502
2020-05-28 00:00:00-04:00,5.2532477378845215
2020-05-29 00:00:00-04:00,5.266563892364502
2020-06-01 00:00:00-04:00,5.193325042724609
2020-06-02 00:00:00-04:00,5.133401870727539
2020-06-03 00:00:00-04:00,5.040188312530518
2020-06-04 00:00:00-04:00,5.033530235290527
2020-06-05 00:00:00-04:00,4.940316677093506
2020-06-08 00:00:00-04:00,4.946974754333496
2020-06-09 00:00:00-04:00,4.960290908813477
2020-06-10 00:00:00-04:00,4.966949462890625
2020-06-11 00:00:00-04:00,5.026872634887695
2020-06-12 00:00:00-04:00,5.020214080810547
2020-06-15 00:00:00-04:00,4.986922740936279
2020-06-16 00:00:00-04:00,5.033530235290527
2020-06-17 00:00:00-04:00,5.04684591293335
2020-06-18 00:00:00-04:00,5.053504943847656
2020-06-19 00:00:00-04:00,5.053504943847656
2020-06-22 00:00:00-04:00,5.060162544250488
2020-06-23 00:00:00-04:00,5.073478698730469
2020-06-24 00:00:00-04:00,5.126743316650391
2020-06-25 00:00:00-04:00,5.126743316650391
2020-06-26 00:00:00-04:00,5.180008411407471
2020-06-29 00:00:00-04:00,5.1200852394104
2020-06-30 00:00:00-04:00,5.106769561767578
2020-07-01 00:00:00-04:00,5.026872634887695
2020-07-02 00:00:00-04:00,5.0668206214904785
2020-07-06 00:00:00-04:00,5.106769561767578
2020-07-07 00:00:00-04:00,5.113427639007568
2020-07-08 00:00:00-04:00,5.106769561767578
2020-07-09 00:00:00-04:00,5.133401870727539
2020-07-10 00:00:00-04:00,5.086795330047607
2020-07-13 00:00:00-04:00,5.133401870727539
2020-07-14 00:00:00-04:00,5.133401870727539
2020-07-15 00:00:00-04:00,5.113427639007568
2020-07-16 00:00:00-04:00,5.113427639007568
2020-07-17 00:00:00-04:00,5.126743316650391
2020-07-20 00:00:00-04:00,5.1400604248046875
2020-07-21 00:00:00-04:00,5.16669225692749
2020-07-22 00:00:00-04:00,5.160034656524658
2020-07-23 00:00:00-04:00,5.1400604248046875
2020-07-24 00:00:00-04:00,5.080136775970459
2020-07-27 00:00:00-04:00,5.113427639007568
2020-07-28 00:00:00-04:00,5.1200852394104
2020-07-29 00:00:00-04:00,5.133401870727539
2020-07-30 00:00:00-04:00,5.186666488647461
2020-07-31 00:00:00-04:00,5.16669225692749
2020-08-03 00:00:00-04:00,5.1200852394104
2020-08-04 00:00:00-04:00,5.173350811004639
2020-08-05 00:00:00-04:00,5.173350811004639
2020-08-06 00:00:00-04:00,5.213298320770264
2020-08-07 00:00:00-04:00,5.160034656524658
2020-08-10 00:00:00-04:00,5.153375148773193
2020-08-11 00:00:00-04:00,5.0668206214904785
2020-08-12 00:00:00-04:00,5.086795330047607
2020-08-13 00:00:00-04:00,5.053504943847656
2020-08-14 00:00:00-04:00,5.060162544250488
2020-08-17 00:00:00-04:00,5.100111484527588
2020-08-18 00:00:00-04:00,5.113427639007568
2020-08-19 00:00:00-04:00,5.073478698730469
2020-08-20 00:00:00-04:00,5.04684591293335
2020-08-21 00:00:00-04:00,5.006897449493408
2020-08-24 00:00:00-04:00,5.026872634887695
2020-08-25 00:00:00-04:00,5.013556003570557
2020-08-26 00:00:00-04:00,5.006897449493408
2020-08-27 00:00:00-04:00,4.9802656173706055
2020-08-28 00:00:00-04:00,5.020214080810547
2020-08-31 00:00:00-04:00,5.04684591293335
2020-09-01 00:00:00-04:00,5.04684591293335
2020-09-02 00:00:00-04:00,5.026872634887695
2020-09-03 00:00:00-04:00,5.000240325927734
2020-09-04 00:00:00-04:00,4.953632831573486
2020-09-08 00:00:00-04:00,4.940316677093506
2020-09-09 00:00:00-04:00,4.940316677093506
2020-09-10 00:00:00-04:00,4.940316677093506
2020-09-11 00:00:00-04:00,4.986922740936279
2020-09-14 00:00:00-04:00,5.013556003570557
2020-09-15 00:00:00-04:00,4.993581771850586
2020-09-16 00:00:00-04:00,4.946974754333496
2020-09-17 00:00:00-04:00,4.966949462890625
2020-09-18 00:00:00-04:00,4.993581771850586
2020-09-21 00:00:00-04:00,4.966949462890625
2020-09-22 00:00:00-04:00,4.946974754333496
2020-09-23 00:00:00-04:00,4.853761196136475
2020-09-24 00:00:00-04:00,4.820470809936523
2020-09-25 00:00:00-04:00,4.840445041656494
2020-09-28 00:00:00-04:00,4.8803935050964355
2020-09-29 00:00:00-04:00,4.927000522613525
2020-09-30 00:00:00-04:00,4.9070258140563965
2020-10-01 00:00:00-04:00,4.913683891296387
2020-10-02 00:00:00-04:00,4.9070258140563965
2020-10-05 00:00:00-04:00,4.8803935050964355
2020-10-06 00:00:00-04:00,4.853761196136475
2020-10-07 00:00:00-04:00,4.927000522613525
2020-10-08 00:00:00-04:00,4.913683891296387
2020-10-09 00:00:00-04:00,4.953632831573486
2020-10-12 00:00:00-04:00,4.940316677093506
2020-10-13 00:00:00-04:00,4.940316677093506
2020-10-14 00:00:00-04:00,4.940316677093506
2020-10-15 00:00:00-04:00,5.053504943847656
2020-10-16 00:00:00-04:00,5.033530235290527
2020-10-19 00:00:00-04:00,5.040188312530518
2020-10-20 00:00:00-04:00,5.033530235290527
2020-10-21 00:00:00-04:00,5.0668206214904785
2020-10-22 00:00:00-04:00,5.020214080810547
2020-10-23 00:00:00-04:00,5.04684591293335
2020-10-26 00:00:00-04:00,5.04684591293335
2020-10-27 00:00:00-04:00,5.0668206214904785
2020-10-28 00:00:00-04:00,5.086795330047607
2020-10-29 00:00:00-04:00,5.133401870727539
2020-10-30 00:00:00-04:00,5.073478698730469
2020-11-02 00:00:00-05:00,5.0668206214904785
2020-11-03 00:00:00-05:00,5.000240325927734
2020-11-04 00:00:00-05:00,5.013556003570557
2020-11-05 00:00:00-05:00,5.006897449493408
2020-11-06 00:00:00-05:00,4.986922740936279
2020-11-09 00:00:00-05:00,4.767205715179443
2020-11-10 00:00:00-05:00,4.720599174499512
2020-11-11 00:00:00-05:00,4.733915328979492
2020-11-12 00:00:00-05:00,4.740572929382324
2020-11-13 00:00:00-05:00,4.780521869659424
2020-11-16 00:00:00-05:00,4.827128887176514
2020-11-17 00:00:00-05:00,4.833786964416504
2020-11-18 00:00:00-05:00,4.827128887176514
2020-11-19 00:00:00-05:00,4.820470809936523
2020-11-20 00:00:00-05:00,4.840445041656494
2020-11-23 00:00:00-05:00,4.833786964416504
2020-11-24 00:00:00-05:00,4.840445041656494
2020-11-25 00:00:00-05:00,4.813813209533691
2020-11-27 00:00:00-05:00,4.887052059173584
2020-11-30 00:00:00-05:00,4.807154178619385
2020-12-01 00:00:00-05:00,4.807154178619385
2020-12-02 00:00:00-05:00,4.807154178619385
2020-12-03 00:00:00-05:00,4.847103118896484
2020-12-04 00:00:00-05:00,4.853761196136475
2020-12-07 00:00:00-05:00,4.867077350616455
2020-12-08 00:00:00-05:00,4.860419273376465
2020-12-09 00:00:00-05:00,4.8737359046936035
2020-12-10 00:00:00-05:00,4.900367259979248
2020-12-11 00:00:00-05:00,4.9070258140563965
2020-12-14 00:00:00-05:00,4.900367259979248
2020-12-15 00:00:00-05:00,4.913683891296387
2020-12-16 00:00:00-05:00,4.9070258140563965
2020-12-17 00:00:00-05:00,4.960290908813477
2020-12-18 00:00:00-05:00,4.946974754333496
2020-12-21 00:00:00-05:00,4.927000522613525
2020-12-22 00:00:00-05:00,4.8816914558410645
2020-12-23 00:00:00-05:00,4.910923004150391
2020-12-24 00:00:00-05:00,4.925538539886475
2020-12-28 00:00:00-05:00,4.932846546173096
2020-12-29 00:00:00-05:00,4.991310119628906
2020-12-30 00:00:00-05:00,5.042465686798096
2020-12-31 00:00:00-05:00,5.049773216247559
2021-01-04 00:00:00-05:00,5.079004764556885
2021-01-05 00:00:00-05:00,5.144776344299316
2021-01-06 00:00:00-05:00,5.144776344299316
2021-01-07 00:00:00-05:00,5.130160808563232
2021-01-08 00:00:00-05:00,5.122852802276611
2021-01-11 00:00:00-05:00,5.079004764556885
2021-01-12 00:00:00-05:00,5.1374688148498535
2021-01-13 00:00:00-05:00,5.122852802276611
2021-01-14 00:00:00-05:00,5.174008369445801
2021-01-15 00:00:00-05:00,5.108237266540527
2021-01-19 00:00:00-05:00,5.1374688148498535
2021-01-20 00:00:00-05:00,5.174008369445801
2021-01-21 00:00:00-05:00,5.188623905181885
2021-01-22 00:00:00-05:00,5.130160808563232
2021-01-25 00:00:00-05:00,5.1593918800354
2021-01-26 00:00:00-05:00,5.152084827423096
2021-01-27 00:00:00-05:00,5.093620777130127
2021-01-28 00:00:00-05:00,5.079004764556885
2021-01-29 00:00:00-05:00,5.064389228820801
2021-02-01 00:00:00-05:00,5.057081699371338
2021-02-02 00:00:00-05:00,5.07169771194458
2021-02-03 00:00:00-05:00,5.093620777130127
2021-02-04 00:00:00-05:00,5.079004764556885
2021-02-05 00:00:00-05:00,5.130160808563232
2021-02-08 00:00:00-05:00,5.1593918800354
2021-02-09 00:00:00-05:00,5.188623905181885
2021-02-10 00:00:00-05:00,5.195931911468506
2021-02-11 00:00:00-05:00,5.217855930328369
2021-02-12 00:00:00-05:00,5.232471466064453
2021-02-16 00:00:00-05:00,5.290935039520264
2021-02-17 00:00:00-05:00,5.290935039520264
2021-02-18 00:00:00-05:00,5.290935039520264
2021-02-19 00:00:00-05:00,5.349398612976074
2021-02-22 00:00:00-05:00,5.371322154998779
2021-02-23 00:00:00-05:00,5.393245697021484
2021-02-24 00:00:00-05:00,5.437093734741211
2021-02-25 00:00:00-05:00,5.415169715881348
2021-02-26 00:00:00-05:00,5.2763190269470215
2021-03-01 00:00:00-05:00,5.2763190269470215
2021-03-02 00:00:00-05:00,5.283627510070801
2021-03-03 00:00:00-05:00,5.305550575256348
2021-03-04 00:00:00-05:00,5.298243045806885
2021-03-05 00:00:00-05:00,5.312858581542969
2021-03-08 00:00:00-05:00,5.290935039520264
2021-03-09 00:00:00-05:00,5.290935039520264
2021-03-10 00:00:00-05:00,5.283627510070801
2021-03-11 00:00:00-05:00,5.342090129852295
2021-03-12 00:00:00-05:00,5.371322154998779
2021-03-15 00:00:00-04:00,5.349398612976074
2021-03-16 00:00:00-04:00,5.349398612976074
2021-03-17 00:00:00-04:00,5.378629207611084
2021-03-18 00:00:00-04:00,5.32016658782959
2021-03-19 00:00:00-04:00,5.305550575256348
2021-03-22 00:00:00-04:00,5.2690110206604
2021-03-23 00:00:00-04:00,5.16670036315918
2021-03-24 00:00:00-04:00,5.181316375732422
2021-03-25 00:00:00-04:00,5.130160808563232
2021-03-26 00:00:00-04:00,5.232471466064453
2021-03-29 00:00:00-04:00,5.2617034912109375
2021-03-30 00:00:00-04:00,5.2763190269470215
2021-03-31 00:00:00-04:00,5.2763190269470215
2021-04-01 00:00:00-04:00,5.2690110206604
2021-04-05 00:00:00-04:00,5.239779472351074
2021-04-06 00:00:00-04:00,5.225163459777832
2021-04-07 00:00:00-04:00,5.210548400878906
2021-04-08 00:00:00-04:00,5.203239440917969
2021-04-09 00:00:00-04:00,5.203239440917969
2021-04-12 00:00:00-04:00,5.195931911468506
2021-04-13 00:00:00-04:00,5.188623905181885
2021-04-14 00:00:00-04:00,5.2617034912109375
2021-04-15 00:00:00-04:00,5.210548400878906
2021-04-16 00:00:00-04:00,5.239779472351074
2021-04-19 00:00:00-04:00,5.239779472351074
2021-04-20 00:00:00-04:00,5.203239440917969
2021-04-21 00:00:00-04:00,5.188623905181885
2021-04-22 00:00:00-04:00,5.188623905181885
2021-04-23 00:00:00-04:00,5.217855930328369
2021-04-26 00:00:00-04:00,5.247087001800537
2021-04-27 00:00:00-04:00,5.283627510070801
2021-04-28 00:00:00-04:00,5.305550575256348
2021-04-29 00:00:00-04:00,5.342090129852295
2021-04-30 00:00:00-04:00,5.298243045806885
2021-05-03 00:00:00-04:00,5.298243045806885
2021-05-04 00:00:00-04:00,5.283627510070801
2021-05-05 00:00:00-04:00,5.305550575256348
2021-05-06 00:00:00-04:00,5.32016658782959
2021-05-07 00:00:00-04:00,5.356706142425537
2021-05-10 00:00:00-04:00,5.371322154998779
2021-05-11 00:00:00-04:00,5.4224772453308105
2021-05-12 00:00:00-04:00,5.466325283050537
2021-05-13 00:00:00-04:00,5.400553226470947
2021-05-14 00:00:00-04:00,5.415169715881348
2021-05-17 00:00:00-04:00,5.437093734741211
2021-05-18 00:00:00-04:00,5.459016799926758
2021-05-19 00:00:00-04:00,5.407861709594727
2021-05-20 00:00:00-04:00,5.385937690734863
2021-05-21 00:00:00-04:00,5.378629207611084
2021-05-24 00:00:00-04:00,5.378629207611084
2021-05-25 00:00:00-04:00,5.342090129852295
2021-05-26 00:00:00-04:00,5.312858581542969
2021-05-27 00:00:00-04:00,5.400553226470947
2021-05-28 00:00:00-04:00,5.393245697021484
2021-06-01 00:00:00-04:00,5.451709747314453
2021-06-02 00:00:00-04:00,5.473632335662842
2021-06-03 00:00:00-04:00,5.459016799926758
2021-06-04 00:00:00-04:00,5.466325283050537
2021-06-07 00:00:00-04:00,5.459016799926758
2021-06-08 00:00:00-04:00,5.429785251617432
2021-06-09 00:00:00-04:00,5.385937690734863
2021-06-10 00:00:00-04:00,5.407861709594727
2021-06-11 00:00:00-04:00,5.334782600402832
2021-06-14 00:00:00-04:00,5.334782600402832
2021-06-15 00:00:00-04:00,5.32016658782959
2021-06-16 00:00:00-04:00,5.247087001800537
2021-06-17 00:00:00-04:00,5.100928783416748
2021-06-18 00:00:00-04:00,5.035158157348633
2021-06-21 00:00:00-04:00,5.130160808563232
2021-06-22 00:00:00-04:00,5.152084827423096
2021-06-23 00:00:00-04:00,5.16670036315918
2021-06-24 00:00:00-04:00,5.188623905181885
2021-06-25 00:00:00-04:00,5.239779472351074
2021-06-28 00:00:00-04:00,5.181316375732422
2021-06-29 00:00:00-04:00,5.1593918800354
2021-06-30 00:00:00-04:00,5.144776344299316
2021-07-01 00:00:00-04:00,5.144776344299316
2021-07-02 00:00:00-04:00,5.130160808563232
2021-07-06 00:00:00-04:00,4.984002113342285
2021-07-07 00:00:00-04:00,4.932846546173096
2021-07-08 00:00:00-04:00,4.888998985290527
2021-07-09 00:00:00-04:00,4.976694107055664
2021-07-12 00:00:00-04:00,4.976694107055664
2021-07-13 00:00:00-04:00,4.991310119628906
2021-07-14 00:00:00-04:00,4.962078094482422
2021-07-15 00:00:00-04:00,4.9182305335998535
2021-07-16 00:00:00-04:00,4.925538539886475
2021-07-19 00:00:00-04:00,4.74284029006958
2021-07-20 00:00:00-04:00,4.764764785766602
2021-07-21 00:00:00-04:00,4.867075443267822
2021-07-22 00:00:00-04:00,4.8816914558410645
2021-07-23 00:00:00-04:00,4.896306991577148
2021-07-26 00:00:00-04:00,4.9182305335998535
2021-07-27 00:00:00-04:00,4.8816914558410645
2021-07-28 00:00:00-04:00,4.910923004150391
2021-07-29 00:00:00-04:00,4.947462558746338
2021-07-30 00:00:00-04:00,4.9182305335998535
2021-08-02 00:00:00-04:00,4.859767913818359
2021-08-03 00:00:00-04:00,4.837843894958496
2021-08-04 00:00:00-04:00,4.808611869812012
2021-08-05 00:00:00-04:00,4.845151901245117
2021-08-06 00:00:00-04:00,4.859767913818359
2021-08-09 00:00:00-04:00,4.830536365509033
2021-08-10 00:00:00-04:00,4.888998985290527
2021-08-11 00:00:00-04:00,4.896306991577148
2021-08-12 00:00:00-04:00,4.896306991577148
2021-08-13 00:00:00-04:00,4.845151901245117
2021-08-16 00:00:00-04:00,4.801304340362549
2021-08-17 00:00:00-04:00,4.815919876098633
2021-08-18 00:00:00-04:00,4.801304340362549
2021-08-19 00:00:00-04:00,4.750148773193359
2021-08-20 00:00:00-04:00,4.720917224884033
2021-08-23 00:00:00-04:00,4.764764785766602
2021-08-24 00:00:00-04:00,4.786688327789307
2021-08-25 00:00:00-04:00,4.823227405548096
2021-08-26 00:00:00-04:00,4.815919876098633
2021-08-27 00:00:00-04:00,4.793996810913086
2021-08-30 00:00:00-04:00,4.815919876098633
2021-08-31 00:00:00-04:00,4.830536365509033
2021-09-01 00:00:00-04:00,4.830536365509033
2021-09-02 00:00:00-04:00,4.845151901245117
2021-09-03 00:00:00-04:00,4.852458953857422
2021-09-07 00:00:00-04:00,4.8816914558410645
2021-09-08 00:00:00-04:00,4.874383926391602
2021-09-09 00:00:00-04:00,4.845151901245117
2021-09-10 00:00:00-04:00,4.888998985290527
2021-09-13 00:00:00-04:00,4.888998985290527
2021-09-14 00:00:00-04:00,4.859767913818359
2021-09-15 00:00:00-04:00,4.9182305335998535
2021-09-16 00:00:00-04:00,4.940155029296875
2021-09-17 00:00:00-04:00,4.940155029296875
2021-09-20 00:00:00-04:00,4.852458953857422
2021-09-21 00:00:00-04:00,4.837843894958496
2021-09-22 00:00:00-04:00,4.874383926391602
2021-09-23 00:00:00-04:00,5.0132341384887695
2021-09-24 00:00:00-04:00,5.064389228820801
2021-09-27 00:00:00-04:00,5.057081699371338
2021-09-28 00:00:00-04:00,5.086313247680664
2021-09-29 00:00:00-04:00,5.035158157348633
2021-09-30 00:00:00-04:00,5.035158157348633
2021-10-01 00:00:00-04:00,5.0278496742248535
2021-10-04 00:00:00-04:00,5.057081699371338
2021-10-05 00:00:00-04:00,5.108237266540527
2021-10-06 00:00:00-04:00,5.100928783416748
2021-10-07 00:00:00-04:00,5.086313247680664
2021-10-08 00:00:00-04:00,5.188623905181885
2021-10-11 00:00:00-04:00,5.254395484924316
2021-10-12 00:00:00-04:00,5.239779472351074
2021-10-13 00:00:00-04:00,5.210548400878906
2021-10-14 00:00:00-04:00,5.174008369445801
2021-10-15 00:00:00-04:00,5.283627510070801
2021-10-18 00:00:00-04:00,5.312858581542969
2021-10-19 00:00:00-04:00,5.342090129852295
2021-10-20 00:00:00-04:00,5.349398612976074
2021-10-21 00:00:00-04:00,5.364014625549316
2021-10-22 00:00:00-04:00,5.349398612976074
2021-10-25 00:00:00-04:00,5.327474594116211
2021-10-26 00:00:00-04:00,5.312858581542969
2021-10-27 00:00:00-04:00,5.239779472351074
2021-10-28 00:00:00-04:00,5.312858581542969
2021-10-29 00:00:00-04:00,5.32016658782959
2021-11-01 00:00:00-04:00,5.312858581542969
2021-11-02 00:00:00-04:00,5.181316375732422
2021-11-03 00:00:00-04:00,5.210548400878906
2021-11-04 00:00:00-04:00,5.064389228820801
2021-11-05 00:00:00-04:00,4.984002113342285
2021-11-08 00:00:00-05:00,5.07169771194458
2021-11-09 00:00:00-05:00,4.998617649078369
2021-11-10 00:00:00-05:00,5.086313247680664
2021-11-11 00:00:00-05:00,5.086313247680664
2021-11-12 00:00:00-05:00,5.064389228820801
2021-11-15 00:00:00-05:00,5.079004764556885
2021-11-16 00:00:00-05:00,5.049773216247559
2021-11-17 00:00:00-05:00,5.0132341384887695
2021-11-18 00:00:00-05:00,5.0132341384887695
2021-11-19 00:00:00-05:00,4.947462558746338
2021-11-22 00:00:00-05:00,5.057081699371338
2021-11-23 00:00:00-05:00,5.11554479598999
2021-11-24 00:00:00-05:00,5.100928783416748
2021-11-26 00:00:00-05:00,4.852458953857422
2021-11-29 00:00:00-05:00,4.910923004150391
2021-11-30 00:00:00-05:00,4.896306991577148
2021-12-01 00:00:00-05:00,4.8816914558410645
2021-12-02 00:00:00-05:00,4.888998985290527
2021-12-03 00:00:00-05:00,4.845151901245117
2021-12-06 00:00:00-05:00,4.874383926391602
2021-12-07 00:00:00-05:00,4.888998985290527
2021-12-08 00:00:00-05:00,4.896306991577148
2021-12-09 00:00:00-05:00,4.888998985290527
2021-12-10 00:00:00-05:00,4.874383926391602
2021-12-13 00:00:00-05:00,4.837843894958496
2021-12-14 00:00:00-05:00,4.888998985290527
2021-12-15 00:00:00-05:00,4.896306991577148
2021-12-16 00:00:00-05:00,4.874383926391602
2021-12-17 00:00:00-05:00,4.859767913818359
2021-12-20 00:00:00-05:00,4.8816914558410645
2021-12-21 00:00:00-05:00,4.9036149978637695
2021-12-22 00:00:00-05:00,4.8816914558410645
2021-12-23 00:00:00-05:00,4.896307468414307
2021-12-27 00:00:00-05:00,4.9287872314453125
2021-12-28 00:00:00-05:00,4.920666694641113
2021-12-29 00:00:00-05:00,4.985625743865967
2021-12-30 00:00:00-05:00,4.969386577606201
2021-12-31 00:00:00-05:00,4.945026874542236
2022-01-03 00:00:00-05:00,5.018105506896973
2022-01-04 00:00:00-05:00,5.099305152893066
2022-01-05 00:00:00-05:00,5.172384262084961
2022-01-06 00:00:00-05:00,5.221103668212891
2022-01-07 00:00:00-05:00,5.221103668212891
2022-01-10 00:00:00-05:00,5.221103668212891
2022-01-11 00:00:00-05:00,5.21298360824585
2022-01-12 00:00:00-05:00,5.172384262084961
2022-01-13 00:00:00-05:00,5.1236653327941895
2022-01-14 00:00:00-05:00,5.221103668212891
2022-01-18 00:00:00-05:00,5.351022720336914
2022-01-19 00:00:00-05:00,5.334782600402832
2022-01-20 00:00:00-05:00,5.294183254241943
2022-01-21 00:00:00-05:00,5.229223728179932
2022-01-24 00:00:00-05:00,5.188623905181885
2022-01-25 00:00:00-05:00,5.261703014373779
2022-01-26 00:00:00-05:00,5.38350248336792
2022-01-27 00:00:00-05:00,5.480940341949463
2022-01-28 00:00:00-05:00,5.448461055755615
2022-01-31 00:00:00-05:00,5.399742126464844
2022-02-01 00:00:00-05:00,5.367262363433838
2022-02-02 00:00:00-05:00,5.375381946563721
2022-02-03 00:00:00-05:00,5.562139987945557
2022-02-04 00:00:00-05:00,5.643338680267334
2022-02-07 00:00:00-05:00,5.643338680267334
2022-02-08 00:00:00-05:00,5.659578800201416
2022-02-09 00:00:00-05:00,5.6189799308776855
2022-02-10 00:00:00-05:00,5.7976179122924805
2022-02-11 00:00:00-05:00,5.716418266296387
2022-02-14 00:00:00-05:00,5.838217258453369
2022-02-15 00:00:00-05:00,5.7894978523254395
2022-02-16 00:00:00-05:00,5.757018089294434
2022-02-17 00:00:00-05:00,5.708298683166504
2022-02-18 00:00:00-05:00,5.700179100036621
2022-02-22 00:00:00-05:00,5.7894978523254395
2022-02-23 00:00:00-05:00,5.821977138519287
2022-02-24 00:00:00-05:00,5.7894978523254395
2022-02-25 00:00:00-05:00,5.74077844619751
2022-02-28 00:00:00-05:00,5.602739334106445
2022-03-01 00:00:00-05:00,5.545900821685791
2022-03-02 00:00:00-05:00,5.821977138519287
2022-03-03 00:00:00-05:00,5.84633731842041
2022-03-04 00:00:00-05:00,5.89505672454834
2022-03-07 00:00:00-05:00,6.1305341720581055
2022-03-08 00:00:00-05:00,6.2766923904418945
2022-03-09 00:00:00-05:00,6.0655741691589355
2022-03-10 00:00:00-05:00,6.081814289093018
2022-03-11 00:00:00-05:00,6.195493221282959
2022-03-14 00:00:00-04:00,6.236093044281006
2022-03-15 00:00:00-04:00,6.195493221282959
2022-03-16 00:00:00-04:00,6.098054885864258
2022-03-17 00:00:00-04:00,6.1224141120910645
2022-03-18 00:00:00-04:00,6.098054885864258
2022-03-21 00:00:00-04:00,6.301052093505859
2022-03-22 00:00:00-04:00,6.341651916503906
2022-03-23 00:00:00-04:00,6.382251739501953
2022-03-24 00:00:00-04:00,6.4553303718566895
2022-03-25 00:00:00-04:00,6.560889720916748
2022-03-28 00:00:00-04:00,6.495930194854736
2022-03-29 00:00:00-04:00,6.374130725860596
2022-03-30 00:00:00-04:00,6.374130725860596
2022-03-31 00:00:00-04:00,6.317292213439941
2022-04-01 00:00:00-04:00,6.349771976470947
2022-04-04 00:00:00-04:00,6.366011619567871
2022-04-05 00:00:00-04:00,6.4634504318237305
2022-04-06 00:00:00-04:00,6.47157096862793
2022-04-07 00:00:00-04:00,6.479690074920654
2022-04-08 00:00:00-04:00,6.585248947143555
2022-04-11 00:00:00-04:00,6.6177287101745605
2022-04-12 00:00:00-04:00,6.658328056335449
2022-04-13 00:00:00-04:00,6.658328056335449
2022-04-14 00:00:00-04:00,6.731407642364502
2022-04-18 00:00:00-04:00,6.812607288360596
2022-04-19 00:00:00-04:00,6.86944580078125
2022-04-20 00:00:00-04:00,6.82072639465332
2022-04-21 00:00:00-04:00,6.86944580078125
2022-04-22 00:00:00-04:00,6.86944580078125
2022-04-25 00:00:00-04:00,6.772007465362549
2022-04-26 00:00:00-04:00,6.755766868591309
2022-04-27 00:00:00-04:00,6.861326217651367
2022-04-28 00:00:00-04:00,6.97500467300415
2022-04-29 00:00:00-04:00,6.991244316101074
2022-05-02 00:00:00-04:00,7.03996467590332
2022-05-03 00:00:00-04:00,7.056203842163086
2022-05-04 00:00:00-04:00,7.0074849128723145
2022-05-05 00:00:00-04:00,7.121163845062256
2022-05-06 00:00:00-04:00,7.226722240447998
2022-05-09 00:00:00-04:00,7.15364408493042
2022-05-10 00:00:00-04:00,7.1292829513549805
2022-05-11 00:00:00-04:00,7.113044261932373
2022-05-12 00:00:00-04:00,7.064323902130127
2022-05-13 00:00:00-04:00,7.072443962097168
2022-05-16 00:00:00-04:00,7.080564022064209
2022-05-17 00:00:00-04:00,7.064323902130127
2022-05-18 00:00:00-04:00,7.02372407913208
2022-05-19 00:00:00-04:00,6.991244316101074
2022-05-20 00:00:00-04:00,6.950645446777344
2022-05-23 00:00:00-04:00,6.950645446777344
2022-05-24 00:00:00-04:00,6.901925563812256
2022-05-25 00:00:00-04:00,6.910045623779297
2022-05-26 00:00:00-04:00,6.885685920715332
2022-05-27 00:00:00-04:00,6.853206157684326
2022-05-31 00:00:00-04:00,6.98312520980835
2022-06-01 00:00:00-04:00,7.121163845062256
2022-06-02 00:00:00-04:00,7.096803188323975
2022-06-03 00:00:00-04:00,7.186122894287109
2022-06-06 00:00:00-04:00,7.251081466674805
2022-06-07 00:00:00-04:00,7.275442123413086
2022-06-08 00:00:00-04:00,7.340400695800781
2022-06-09 00:00:00-04:00,7.4297194480896
2022-06-10 00:00:00-04:00,7.543398380279541
2022-06-13 00:00:00-04:00,7.730156421661377
2022-06-14 00:00:00-04:00,7.819476127624512
2022-06-15 00:00:00-04:00,7.6489577293396
2022-06-16 00:00:00-04:00,7.681437015533447
2022-06-17 00:00:00-04:00,7.681437015533447
2022-06-21 00:00:00-04:00,7.70579719543457
2022-06-22 00:00:00-04:00,7.567758083343506
2022-06-23 00:00:00-04:00,7.381000995635986
2022-06-24 00:00:00-04:00,7.324161529541016
2022-06-27 00:00:00-04:00,7.3566412925720215
2022-06-28 00:00:00-04:00,7.4621992111206055
2022-06-29 00:00:00-04:00,7.44596004486084
2022-06-30 00:00:00-04:00,7.381000995635986
2022-07-01 00:00:00-04:00,7.291680812835693
2022-07-05 00:00:00-04:00,7.242961883544922
2022-07-06 00:00:00-04:00,7.251081466674805
2022-07-07 00:00:00-04:00,7.267321586608887
2022-07-08 00:00:00-04:00,7.291680812835693
2022-07-11 00:00:00-04:00,7.397240161895752
2022-07-12 00:00:00-04:00,7.364760398864746
2022-07-13 00:00:00-04:00,7.421600341796875
2022-07-14 00:00:00-04:00,7.567758083343506
2022-07-15 00:00:00-04:00,7.486560344696045
2022-07-18 00:00:00-04:00,7.454080104827881
2022-07-19 00:00:00-04:00,7.4621992111206055
2022-07-20 00:00:00-04:00,7.413480758666992
2022-07-21 00:00:00-04:00,7.3485212326049805
2022-07-22 00:00:00-04:00,7.234842777252197
2022-07-25 00:00:00-04:00,7.283561706542969
2022-07-26 00:00:00-04:00,7.324161529541016
2022-07-27 00:00:00-04:00,7.275442123413086
2022-07-28 00:00:00-04:00,7.03996467590332
2022-07-29 00:00:00-04:00,6.93440580368042
2022-08-01 00:00:00-04:00,6.861326217651367
2022-08-02 00:00:00-04:00,6.97500467300415
2022-08-03 00:00:00-04:00,6.98312520980835
2022-08-04 00:00:00-04:00,6.828845977783203
2022-08-05 00:00:00-04:00,6.93440580368042
2022-08-08 00:00:00-04:00,6.893805980682373
2022-08-09 00:00:00-04:00,6.950645446777344
2022-08-10 00:00:00-04:00,6.836966514587402
2022-08-11 00:00:00-04:00,6.861326217651367
2022-08-12 00:00:00-04:00,6.853206157684326
2022-08-15 00:00:00-04:00,6.7963666915893555
2022-08-16 00:00:00-04:00,6.877565860748291
2022-08-17 00:00:00-04:00,6.98312520980835
2022-08-18 00:00:00-04:00,7.03996467590332
2022-08-19 00:00:00-04:00,7.1374030113220215
2022-08-22 00:00:00-04:00,7.275442123413086
2022-08-23 00:00:00-04:00,7.316041469573975
2022-08-24 00:00:00-04:00,7.316041469573975
2022-08-25 00:00:00-04:00,7.267321586608887
2022-08-26 00:00:00-04:00,7.324161529541016
2022-08-29 00:00:00-04:00,7.405360698699951
2022-08-30 00:00:00-04:00,7.381000995635986
2022-08-31 00:00:00-04:00,7.381000995635986
2022-09-01 00:00:00-04:00,7.486560344696045
2022-09-02 00:00:00-04:00,7.437839508056641
2022-09-06 00:00:00-04:00,7.583998203277588
2022-09-07 00:00:00-04:00,7.527159690856934
2022-09-08 00:00:00-04:00,7.551517963409424
2022-09-09 00:00:00-04:00,7.4703192710876465
2022-09-12 00:00:00-04:00,7.413480758666992
2022-09-13 00:00:00-04:00,7.575878620147705
2022-09-14 00:00:00-04:00,7.583998203277588
2022-09-15 00:00:00-04:00,7.616477966308594
2022-09-16 00:00:00-04:00,7.600237846374512
2022-09-19 00:00:00-04:00,7.6489577293396
2022-09-20 00:00:00-04:00,7.738276958465576
2022-09-21 00:00:00-04:00,7.778876304626465
2022-09-22 00:00:00-04:00,7.811357021331787
2022-09-23 00:00:00-04:00,7.933155059814453
2022-09-26 00:00:00-04:00,8.079312324523926
2022-09-27 00:00:00-04:00,8.119913101196289
2022-09-28 00:00:00-04:00,7.957515239715576
2022-09-29 00:00:00-04:00,8.02247428894043
2022-09-30 00:00:00-04:00,7.981873512268066
2022-10-03 00:00:00-04:00,7.884435176849365
2022-10-04 00:00:00-04:00,7.665197849273682
2022-10-05 00:00:00-04:00,7.7545166015625
2022-10-06 00:00:00-04:00,7.851956367492676
2022-10-07 00:00:00-04:00,7.973753929138184
2022-10-10 00:00:00-04:00,8.02247428894043
2022-10-11 00:00:00-04:00,8.02247428894043
2022-10-12 00:00:00-04:00,8.038712501525879
2022-10-13 00:00:00-04:00,8.071192741394043
2022-10-14 00:00:00-04:00,8.119913101196289
2022-10-17 00:00:00-04:00,8.071192741394043
2022-10-18 00:00:00-04:00,7.998114585876465
2022-10-19 00:00:00-04:00,8.144271850585938
2022-10-20 00:00:00-04:00,8.201111793518066
2022-10-21 00:00:00-04:00,8.128031730651855
2022-10-24 00:00:00-04:00,8.144271850585938
2022-10-25 00:00:00-04:00,8.006233215332031
2022-10-26 00:00:00-04:00,7.8925557136535645
2022-10-27 00:00:00-04:00,7.819476127624512
2022-10-28 00:00:00-04:00,7.8925557136535645
2022-10-31 00:00:00-04:00,7.933155059814453
2022-11-01 00:00:00-04:00,7.908794403076172
2022-11-02 00:00:00-04:00,7.925034523010254
2022-11-03 00:00:00-04:00,8.014354705810547
2022-11-04 00:00:00-04:00,7.965634822845459
2022-11-07 00:00:00-05:00,7.941274166107178
2022-11-08 00:00:00-05:00,7.884435176849365
2022-11-09 00:00:00-05:00,7.868195056915283
2022-11-10 00:00:00-05:00,7.44596004486084
2022-11-11 00:00:00-05:00,7.316041469573975
2022-11-14 00:00:00-05:00,7.364760398864746
2022-11-15 00:00:00-05:00,7.299801349639893
2022-11-16 00:00:00-05:00,7.316041469573975
2022-11-17 00:00:00-05:00,7.389121055603027
2022-11-18 00:00:00-05:00,7.381000995635986
2022-11-21 00:00:00-05:00,7.4297194480896
2022-11-22 00:00:00-05:00,7.421600341796875
2022-11-23 00:00:00-05:00,7.3485212326049805
2022-11-25 00:00:00-05:00,7.3566412925720215
2022-11-28 00:00:00-05:00,7.340400695800781
2022-11-29 00:00:00-05:00,7.3566412925720215
2022-11-30 00:00:00-05:00,7.251081466674805
2022-12-01 00:00:00-05:00,7.104923248291016
2022-12-02 00:00:00-05:00,7.048084259033203
2022-12-05 00:00:00-05:00,7.15364408493042
2022-12-06 00:00:00-05:00,7.169882297515869
2022-12-07 00:00:00-05:00,7.1292829513549805
2022-12-08 00:00:00-05:00,7.161762714385986
2022-12-09 00:00:00-05:00,7.194242477416992
2022-12-12 00:00:00-05:00,7.226722240447998
2022-12-13 00:00:00-05:00,7.1374030113220215
2022-12-14 00:00:00-05:00,7.1292829513549805
2022-12-15 00:00:00-05:00,7.283561706542969
2022-12-16 00:00:00-05:00,7.299801349639893
2022-12-19 00:00:00-05:00,7.379823684692383
2022-12-20 00:00:00-05:00,7.264235973358154
2022-12-21 00:00:00-05:00,7.255344867706299
2022-12-22 00:00:00-05:00,7.290910243988037
2022-12-23 00:00:00-05:00,7.3620405197143555
2022-12-27 00:00:00-05:00,7.424281597137451
2022-12-28 00:00:00-05:00,7.433171272277832
2022-12-29 00:00:00-05:00,7.39760684967041
2022-12-30 00:00:00-05:00,7.424281597137451
2023-01-03 00:00:00-05:00,7.299801349639893
2023-01-04 00:00:00-05:00,7.299801349639893
2023-01-05 00:00:00-05:00,7.326475143432617
2023-01-06 00:00:00-05:00,7.23756217956543
2023-01-09 00:00:00-05:00,7.184213638305664
2023-01-10 00:00:00-05:00,7.210887432098389
2023-01-11 00:00:00-05:00,7.130866050720215
2023-01-12 00:00:00-05:00,7.041952610015869
2023-01-13 00:00:00-05:00,7.015278339385986
2023-01-17 00:00:00-05:00,6.944147109985352
2023-01-18 00:00:00-05:00,6.890799045562744
2023-01-19 00:00:00-05:00,6.944147109985352
2023-01-20 00:00:00-05:00,7.006386756896973
2023-01-23 00:00:00-05:00,7.068626403808594
2023-01-24 00:00:00-05:00,7.015278339385986
2023-01-25 00:00:00-05:00,7.015278339385986
2023-01-26 00:00:00-05:00,7.05973482131958
2023-01-27 00:00:00-05:00,7.05973482131958
2023-01-30 00:00:00-05:00,7.139756679534912
2023-01-31 00:00:00-05:00,7.104191303253174
2023-02-01 00:00:00-05:00,7.086408615112305
2023-02-02 00:00:00-05:00,6.944147109985352
2023-02-03 00:00:00-05:00,6.997495174407959
2023-02-06 00:00:00-05:00,7.095300674438477
2023-02-07 00:00:00-05:00,7.086408615112305
2023-02-08 00:00:00-05:00,7.086408615112305
2023-02-09 00:00:00-05:00,7.139756679534912
2023-02-10 00:00:00-05:00,7.20199728012085
2023-02-13 00:00:00-05:00,7.20199728012085
2023-02-14 00:00:00-05:00,7.273127555847168
2023-02-15 00:00:00-05:00,7.273127555847168
2023-02-16 00:00:00-05:00,7.299801349639893
2023-02-17 00:00:00-05:00,7.31758451461792
2023-02-21 00:00:00-05:00,7.406497478485107
2023-02-22 00:00:00-05:00,7.3887152671813965
2023-02-23 00:00:00-05:00,7.39760684967041
2023-02-24 00:00:00-05:00,7.522085189819336
2023-02-27 00:00:00-05:00,7.530977725982666
2023-02-28 00:00:00-05:00,7.530977725982666
2023-03-01 00:00:00-05:00,7.5932159423828125
2023-03-02 00:00:00-05:00,7.619889736175537
2023-03-03 00:00:00-05:00,7.504302978515625
2023-03-06 00:00:00-05:00,7.5932159423828125
2023-03-07 00:00:00-05:00,7.637673377990723
2023-03-08 00:00:00-05:00,7.655455112457275
2023-03-09 00:00:00-05:00,7.602107524871826
2023-03-10 00:00:00-05:00,7.415389060974121
2023-03-13 00:00:00-04:00,7.050843238830566
2023-03-14 00:00:00-04:00,7.20199728012085
2023-03-15 00:00:00-04:00,7.015278339385986
2023-03-16 00:00:00-04:00,7.05973482131958
2023-03-17 00:00:00-04:00,6.953039169311523
2023-03-20 00:00:00-04:00,6.979712963104248
2023-03-21 00:00:00-04:00,7.077517509460449
2023-03-22 00:00:00-04:00,7.068626403808594
2023-03-23 00:00:00-04:00,6.979712963104248
2023-03-24 00:00:00-04:00,6.926364898681641
2023-03-27 00:00:00-04:00,6.961930274963379
2023-03-28 00:00:00-04:00,6.944147109985352
2023-03-29 00:00:00-04:00,6.953039169311523
2023-03-30 00:00:00-04:00,6.944147109985352
2023-03-31 00:00:00-04:00,6.864124774932861
2023-04-03 00:00:00-04:00,6.810776710510254
2023-04-04 00:00:00-04:00,6.801885604858398
2023-04-05 00:00:00-04:00,6.801885604858398
2023-04-06 00:00:00-04:00,6.828559398651123
2023-04-10 00:00:00-04:00,6.84634256362915
2023-04-11 00:00:00-04:00,6.881907939910889
2023-04-12 00:00:00-04:00,6.9085822105407715
2023-04-13 00:00:00-04:00,6.881907939910889
2023-04-14 00:00:00-04:00,6.926364898681641
2023-04-17 00:00:00-04:00,6.917473316192627
2023-04-18 00:00:00-04:00,6.9085822105407715
2023-04-19 00:00:00-04:00,6.979712963104248
2023-04-20 00:00:00-04:00,6.979712963104248
2023-04-21 00:00:00-04:00,7.015278339385986
2023-04-24 00:00:00-04:00,7.050843238830566
2023-04-25 00:00:00-04:00,7.041952610015869
2023-04-26 00:00:00-04:00,7.130866050720215
2023-04-27 00:00:00-04:00,7.139756679534912
2023-04-28 00:00:00-04:00,7.068626403808594
2023-05-01 00:00:00-04:00,7.095300674438477
2023-05-02 00:00:00-04:00,7.166431427001953
2023-05-03 00:00:00-04:00,7.166431427001953
2023-05-04 00:00:00-04:00,7.077517509460449
2023-05-05 00:00:00-04:00,6.997495174407959
2023-05-08 00:00:00-04:00,6.979712963104248
2023-05-09 00:00:00-04:00,7.033060550689697
2023-05-10 00:00:00-04:00,7.050843238830566
2023-05-11 00:00:00-04:00,7.130866050720215
2023-05-12 00:00:00-04:00,7.166431427001953
2023-05-15 00:00:00-04:00,7.077517509460449
2023-05-16 00:00:00-04:00,7.193105220794678
2023-05-17 00:00:00-04:00,7.193105220794678
2023-05-18 00:00:00-04:00,7.228671073913574
2023-05-19 00:00:00-04:00,7.246452808380127
2023-05-22 00:00:00-04:00,7.246452808380127
2023-05-23 00:00:00-04:00,7.255344867706299
2023-05-24 00:00:00-04:00,7.3887152671813965
2023-05-25 00:00:00-04:00,7.539867401123047
2023-05-26 00:00:00-04:00,7.4776291847229
2023-05-30 00:00:00-04:00,7.522085189819336
2023-05-31 00:00:00-04:00,7.530977725982666
2023-06-01 00:00:00-04:00,7.46873664855957
2023-06-02 00:00:00-04:00,7.3620405197143555
2023-06-05 00:00:00-04:00,7.3709330558776855
2023-06-06 00:00:00-04:00,7.326475143432617
2023-06-07 00:00:00-04:00,7.344258785247803
2023-06-08 00:00:00-04:00,7.308692932128906
2023-06-09 00:00:00-04:00,7.290910243988037
2023-06-12 00:00:00-04:00,7.299801349639893
2023-06-13 00:00:00-04:00,7.31758451461792
2023-06-14 00:00:00-04:00,7.308692932128906
2023-06-15 00:00:00-04:00,7.264235973358154
2023-06-16 00:00:00-04:00,7.264235973358154
2023-06-20 00:00:00-04:00,7.308692932128906
2023-06-21 00:00:00-04:00,7.290910243988037
2023-06-22 00:00:00-04:00,7.424281597137451
2023-06-23 00:00:00-04:00,7.415389060974121
2023-06-26 00:00:00-04:00,7.344258785247803
2023-06-27 00:00:00-04:00,7.442062854766846
2023-06-28 00:00:00-04:00,7.406497478485107
2023-06-29 00:00:00-04:00,7.513193607330322
2023-06-30 00:00:00-04:00,7.495411396026611
2023-07-03 00:00:00-04:00,7.557651519775391
2023-07-05 00:00:00-04:00,7.557651519775391
2023-07-06 00:00:00-04:00,7.726585865020752
2023-07-07 00:00:00-04:00,7.691020965576172
2023-07-10 00:00:00-04:00,7.637673377990723
2023-07-11 00:00:00-04:00,7.557651519775391
2023-07-12 00:00:00-04:00,7.379823684692383
2023-07-13 00:00:00-04:00,7.23756217956543
2023-07-14 00:00:00-04:00,7.335366725921631
2023-07-17 00:00:00-04:00,7.3620405197143555
2023-07-18 00:00:00-04:00,7.282018661499023
2023-07-19 00:00:00-04:00,7.184213638305664
2023-07-20 00:00:00-04:00,7.228671073913574
2023-07-21 00:00:00-04:00,7.273127555847168
2023-07-24 00:00:00-04:00,7.184213638305664
2023-07-25 00:00:00-04:00,7.1575398445129395
2023-07-26 00:00:00-04:00,7.1575398445129395
2023-07-27 00:00:00-04:00,7.175322532653809
2023-07-28 00:00:00-04:00,7.20199728012085
2023-07-31 00:00:00-04:00,7.219779014587402
2023-08-01 00:00:00-04:00,7.335366725921631
2023-08-02 00:00:00-04:00,7.344258785247803
2023-08-03 00:00:00-04:00,7.39760684967041
2023-08-04 00:00:00-04:00,7.335366725921631
2023-08-07 00:00:00-04:00,7.3887152671813965
2023-08-08 00:00:00-04:00,7.379823684692383
2023-08-09 00:00:00-04:00,7.406497478485107
2023-08-10 00:00:00-04:00,7.486519813537598
2023-08-11 00:00:00-04:00,7.566542148590088
2023-08-14 00:00:00-04:00,7.610999584197998
2023-08-15 00:00:00-04:00,7.673238277435303
2023-08-16 00:00:00-04:00,7.708804130554199
2023-08-17 00:00:00-04:00,7.7443695068359375
2023-08-18 00:00:00-04:00,7.6999125480651855
2023-08-21 00:00:00-04:00,7.779934406280518
2023-08-22 00:00:00-04:00,7.717695236206055
2023-08-23 00:00:00-04:00,7.522085189819336
2023-08-24 00:00:00-04:00,7.602107524871826
2023-08-25 00:00:00-04:00,7.637673377990723
2023-08-28 00:00:00-04:00,7.646564483642578
2023-08-29 00:00:00-04:00,7.566542148590088
2023-08-30 00:00:00-04:00,7.610999584197998
2023-08-31 00:00:00-04:00,7.522085189819336
2023-09-01 00:00:00-04:00,7.566542148590088
2023-09-05 00:00:00-04:00,7.708804130554199
2023-09-06 00:00:00-04:00,7.735477447509766
2023-09-07 00:00:00-04:00,7.673238277435303
2023-09-08 00:00:00-04:00,7.726585865020752
2023-09-11 00:00:00-04:00,7.6999125480651855
2023-09-12 00:00:00-04:00,7.7443695068359375
2023-09-13 00:00:00-04:00,7.717695236206055
2023-09-14 00:00:00-04:00,7.691020965576172
2023-09-15 00:00:00-04:00,7.7443695068359375
2023-09-18 00:00:00-04:00,7.797718048095703
2023-09-19 00:00:00-04:00,7.877738952636719
2023-09-20 00:00:00-04:00,7.8243913650512695
2023-09-21 00:00:00-04:00,7.913304805755615
2023-09-22 00:00:00-04:00,7.886631011962891
2023-09-25 00:00:00-04:00,7.948869228363037
2023-09-26 00:00:00-04:00,7.9755449295043945
2023-09-27 00:00:00-04:00,8.064456939697266
2023-09-28 00:00:00-04:00,8.028892517089844
2023-09-29 00:00:00-04:00,7.9755449295043945
2023-10-02 00:00:00-04:00,8.064456939697266
2023-10-03 00:00:00-04:00,8.10891342163086
2023-10-04 00:00:00-04:00,8.020002365112305
2023-10-05 00:00:00-04:00,7.9755449295043945
2023-10-06 00:00:00-04:00,8.011109352111816
2023-10-09 00:00:00-04:00,7.957761287689209
2023-10-10 00:00:00-04:00,7.90441370010376
2023-10-11 00:00:00-04:00,7.90441370010376
2023-10-12 00:00:00-04:00,7.948869228363037
2023-10-13 00:00:00-04:00,7.957761287689209
2023-10-16 00:00:00-04:00,7.98443603515625
2023-10-17 00:00:00-04:00,8.028892517089844
2023-10-18 00:00:00-04:00,8.08224105834961
2023-10-19 00:00:00-04:00,8.10002326965332
2023-10-20 00:00:00-04:00,8.10002326965332
2023-10-23 00:00:00-04:00,8.10002326965332
2023-10-24 00:00:00-04:00,8.037784576416016
2023-10-25 00:00:00-04:00,8.12669849395752
2023-10-26 00:00:00-04:00,8.117805480957031
2023-10-27 00:00:00-04:00,8.10002326965332
2023-10-30 00:00:00-04:00,8.10891342163086
2023-10-31 00:00:00-04:00,8.135588645935059
2023-11-01 00:00:00-04:00,8.028892517089844
2023-11-02 00:00:00-04:00,7.90441370010376
2023-11-03 00:00:00-04:00,7.735477447509766
2023-11-06 00:00:00-05:00,7.771042823791504
2023-11-07 00:00:00-05:00,7.797718048095703
2023-11-08 00:00:00-05:00,7.797718048095703
2023-11-09 00:00:00-05:00,7.877738952636719
2023-11-10 00:00:00-05:00,7.9755449295043945
2023-11-13 00:00:00-05:00,7.931087493896484
2023-11-14 00:00:00-05:00,7.664346694946289
2023-11-15 00:00:00-05:00,7.655455112457275
2023-11-16 00:00:00-05:00,7.753261089324951
2023-11-17 00:00:00-05:00,7.735477447509766
2023-11-20 00:00:00-05:00,7.735477447509766
2023-11-21 00:00:00-05:00,7.717695236206055
2023-11-22 00:00:00-05:00,7.771042823791504
2023-11-24 00:00:00-05:00,7.8066086769104
2023-11-27 00:00:00-05:00,7.815500259399414
2023-11-28 00:00:00-05:00,7.753261089324951
2023-11-29 00:00:00-05:00,7.619889736175537
2023-11-30 00:00:00-05:00,7.646564483642578
2023-12-01 00:00:00-05:00,7.46873664855957
2023-12-04 00:00:00-05:00,7.486519813537598
2023-12-05 00:00:00-05:00,7.504302978515625
2023-12-06 00:00:00-05:00,7.522085189819336
2023-12-07 00:00:00-05:00,7.442062854766846
2023-12-08 00:00:00-05:00,7.495411396026611
2023-12-11 00:00:00-05:00,7.610999584197998
2023-12-12 00:00:00-05:00,7.655455112457275
2023-12-13 00:00:00-05:00,7.5932159423828125
2023-12-14 00:00:00-05:00,7.46873664855957
2023-12-15 00:00:00-05:00,7.379823684692383
2023-12-18 00:00:00-05:00,7.4018473625183105
2023-12-19 00:00:00-05:00,7.4018473625183105
2023-12-20 00:00:00-05:00,7.373120307922363
2023-12-21 00:00:00-05:00,7.373120307922363
2023-12-22 00:00:00-05:00,7.373120307922363
2023-12-26 00:00:00-05:00,7.4018473625183105
2023-12-27 00:00:00-05:00,7.4018473625183105
2023-12-28 00:00:00-05:00,7.411422252655029
2023-12-29 00:00:00-05:00,7.411422252655029
2024-01-02 00:00:00-05:00,7.3635454177856445
2024-01-03 00:00:00-05:00,7.3348188400268555
2024-01-04 00:00:00-05:00,7.344394683837891
2024-01-05 00:00:00-05:00,7.3348188400268555
2024-01-08 00:00:00-05:00,7.392271518707275
2024-01-09 00:00:00-05:00,7.3252434730529785
2024-01-10 00:00:00-05:00,7.344394683837891
2024-01-11 00:00:00-05:00,7.3348188400268555
2024-01-12 00:00:00-05:00,7.344394683837891
2024-01-16 00:00:00-05:00,7.258214950561523
2024-01-17 00:00:00-05:00,7.229488849639893
2024-01-18 00:00:00-05:00,7.239063739776611
2024-01-19 00:00:00-05:00,7.296516418457031
2024-01-22 00:00:00-05:00,7.344394683837891
2024-01-23 00:00:00-05:00,7.248640060424805
2024-01-24 00:00:00-05:00,7.239063739776611
2024-01-25 00:00:00-05:00,7.2869415283203125
2024-01-26 00:00:00-05:00,7.3252434730529785
2024-01-29 00:00:00-05:00,7.392271518707275
2024-01-30 00:00:00-05:00,7.3635454177856445
2024-01-31 00:00:00-05:00,7.3252434730529785
2024-02-01 00:00:00-05:00,7.4018473625183105
2024-02-02 00:00:00-05:00,7.555055141448975
2024-02-05 00:00:00-05:00,7.6125078201293945
2024-02-06 00:00:00-05:00,7.641234397888184
2024-02-07 00:00:00-05:00,7.7465643882751465
2024-02-08 00:00:00-05:00,7.880620956420898
2024-02-09 00:00:00-05:00,7.966799736022949
2024-02-12 00:00:00-05:00,7.966799736022949
2024-02-13 00:00:00-05:00,8.043403625488281
2024-02-14 00:00:00-05:00,8.033828735351562
2024-02-15 00:00:00-05:00,8.09128189086914
2024-02-16 00:00:00-05:00,8.005101203918457
2024-02-20 00:00:00-05:00,7.9955267906188965
2024-02-21 00:00:00-05:00,7.9859514236450195
2024-02-22 00:00:00-05:00,8.177460670471191
2024-02-23 00:00:00-05:00,8.273216247558594
2024-02-26 00:00:00-05:00,8.301942825317383
2024-02-27 00:00:00-05:00,8.263640403747559
2024-02-28 00:00:00-05:00,8.196612358093262
2024-02-29 00:00:00-05:00,8.20618724822998
2024-03-01 00:00:00-05:00,8.273216247558594
2024-03-04 00:00:00-05:00,8.263640403747559
2024-03-05 00:00:00-05:00,8.225337982177734
2024-03-06 00:00:00-05:00,8.225337982177734
2024-03-07 00:00:00-05:00,8.167885780334473
2024-03-08 00:00:00-05:00,8.072131156921387
2024-03-11 00:00:00-04:00,8.062556266784668
2024-03-12 00:00:00-04:00,8.187036514282227
2024-03-13 00:00:00-04:00,8.225337982177734
2024-03-14 00:00:00-04:00,8.311517715454102
2024-03-15 00:00:00-04:00,8.321093559265137
2024-03-18 00:00:00-04:00,8.426424026489258
2024-03-19 00:00:00-04:00,8.464725494384766
2024-03-20 00:00:00-04:00,8.426424026489258
2024-03-21 00:00:00-04:00,8.493452072143555
2024-03-22 00:00:00-04:00,8.522178649902344
2024-03-25 00:00:00-04:00,8.589207649230957
2024-03-26 00:00:00-04:00,8.6370849609375
2024-03-27 00:00:00-04:00,8.61793327331543
2024-03-28 00:00:00-04:00,8.646659851074219
2024-04-01 00:00:00-04:00,8.723262786865234
2024-04-02 00:00:00-04:00,8.761565208435059
2024-04-03 00:00:00-04:00,8.704113006591797
2024-04-04 00:00:00-04:00,8.646659851074219
2024-04-05 00:00:00-04:00,8.73283863067627
2024-04-08 00:00:00-04:00,8.723262786865234
2024-04-09 00:00:00-04:00,8.59878158569336
2024-04-10 00:00:00-04:00,8.828595161437988
2024-04-11 00:00:00-04:00,8.847744941711426
2024-04-12 00:00:00-04:00,8.819019317626953
2024-04-15 00:00:00-04:00,8.924347877502441
2024-04-16 00:00:00-04:00,8.905198097229004
2024-04-17 00:00:00-04:00,8.847744941711426
2024-04-18 00:00:00-04:00,8.895622253417969
2024-04-19 00:00:00-04:00,8.866896629333496
2024-04-22 00:00:00-04:00,8.819019317626953
2024-04-23 00:00:00-04:00,8.809442520141602
2024-04-24 00:00:00-04:00,8.857320785522461
2024-04-25 00:00:00-04:00,8.866896629333496
2024-04-26 00:00:00-04:00,8.943499565124512
2024-04-29 00:00:00-04:00,8.790291786193848
2024-04-30 00:00:00-04:00,8.914773941040039
2024-05-01 00:00:00-04:00,8.828595161437988
2024-05-02 00:00:00-04:00,8.57005500793457
2024-05-03 00:00:00-04:00,8.43600082397461
2024-05-06 00:00:00-04:00,8.445574760437012
2024-05-07 00:00:00-04:00,8.48387622833252
2024-05-08 00:00:00-04:00,8.579630851745605
2024-05-09 00:00:00-04:00,8.560480117797852
2024-05-10 00:00:00-04:00,8.608357429504395
2024-05-13 00:00:00-04:00,8.541329383850098
2024-05-14 00:00:00-04:00,8.541329383850098
2024-05-15 00:00:00-04:00,8.464725494384766
2024-05-16 00:00:00-04:00,8.445574760437012
2024-05-17 00:00:00-04:00,8.512603759765625
2024-05-20 00:00:00-04:00,8.560480117797852
2024-05-21 00:00:00-04:00,8.59878158569336
2024-05-22 00:00:00-04:00,8.57005500793457
2024-05-23 00:00:00-04:00,8.627510070800781
2024-05-24 00:00:00-04:00,8.665811538696289
2024-05-28 00:00:00-04:00,8.780716896057129
2024-05-29 00:00:00-04:00,8.819019317626953
2024-05-30 00:00:00-04:00,8.713688850402832
2024-05-31 00:00:00-04:00,8.713688850402832
2024-06-03 00:00:00-04:00,8.61793327331543
2024-06-04 00:00:00-04:00,8.388121604919434
2024-06-05 00:00:00-04:00,8.455150604248047
2024-06-06 00:00:00-04:00,8.426424026489258
2024-06-07 00:00:00-04:00,8.560480117797852
2024-06-10 00:00:00-04:00,8.59878158569336
2024-06-11 00:00:00-04:00,8.541329383850098
2024-06-12 00:00:00-04:00,8.512603759765625
2024-06-13 00:00:00-04:00,8.426424026489258
2024-06-14 00:00:00-04:00,8.416847229003906
2024-06-17 00:00:00-04:00,8.48387622833252
2024-06-18 00:00:00-04:00,8.464725494384766
2024-06-20 00:00:00-04:00,8.541329383850098
2024-06-21 00:00:00-04:00,8.512603759765625
2024-06-24 00:00:00-04:00,8.464725494384766
2024-06-25 00:00:00-04:00,8.522178649902344
2024-06-26 00:00:00-04:00,8.522178649902344
2024-06-27 00:00:00-04:00,8.455150604248047
2024-06-28 00:00:00-04:00,8.464725494384766
2024-07-01 00:00:00-04:00,8.455150604248047
2024-07-02 00:00:00-04:00,8.426424026489258
2024-07-03 00:00:00-04:00,8.397697448730469
2024-07-05 00:00:00-04:00,8.36897087097168
2024-07-08 00:00:00-04:00,8.397697448730469
2024-07-09 00:00:00-04:00,8.493452072143555
2024-07-10 00:00:00-04:00,8.522178649902344
2024-07-11 00:00:00-04:00,8.36897087097168
2024-07-12 00:00:00-04:00,8.273216247558594
2024-07-15 00:00:00-04:00,8.25406551361084
2024-07-16 00:00:00-04:00,8.177460670471191
2024-07-17 00:00:00-04:00,7.947649955749512
2024-07-18 00:00:00-04:00,7.957225322723389
2024-07-19 00:00:00-04:00,7.880620956420898
2024-07-22 00:00:00-04:00,7.861471176147461
2024-07-23 00:00:00-04:00,7.861471176147461
2024-07-24 00:00:00-04:00,7.775290489196777
2024-07-25 00:00:00-04:00,7.6125078201293945
2024-07-26 00:00:00-04:00,7.727413177490234
2024-07-29 00:00:00-04:00,7.717838764190674
2024-07-30 00:00:00-04:00,7.727413177490234
2024-07-31 00:00:00-04:00,7.8327436447143555
2024-08-01 00:00:00-04:00,7.775290489196777
2024-08-02 00:00:00-04:00,7.545479774475098
2024-08-05 00:00:00-04:00,7.239063739776611
2024-08-06 00:00:00-04:00,7.296516418457031
2024-08-07 00:00:00-04:00,7.344394683837891
2024-08-08 00:00:00-04:00,7.3635454177856445
2024-08-09 00:00:00-04:00,7.478451251983643
2024-08-12 00:00:00-04:00,7.507177352905273
2024-08-13 00:00:00-04:00,7.5742058753967285
2024-08-14 00:00:00-04:00,7.6125078201293945
2024-08-15 00:00:00-04:00,7.5837812423706055
2024-08-16 00:00:00-04:00,7.641234397888184
2024-08-19 00:00:00-04:00,7.6125078201293945
2024-08-20 00:00:00-04:00,7.641234397888184
2024-08-21 00:00:00-04:00,7.6603851318359375
2024-08-22 00:00:00-04:00,7.641234397888184
2024-08-23 00:00:00-04:00,7.689111232757568
2024-08-26 00:00:00-04:00,7.6699604988098145
2024-08-27 00:00:00-04:00,7.6508097648620605
2024-08-28 00:00:00-04:00,7.6699604988098145
2024-08-29 00:00:00-04:00,7.6508097648620605
2024-08-30 00:00:00-04:00,7.641234397888184
2024-09-03 00:00:00-04:00,7.5742058753967285
2024-09-04 00:00:00-04:00,7.602931976318359
2024-09-05 00:00:00-04:00,7.6125078201293945
2024-09-06 00:00:00-04:00,7.5742058753967285
2024-09-09 00:00:00-04:00,7.641234397888184
2024-09-10 00:00:00-04:00,7.6699604988098145
2024-09-11 00:00:00-04:00,7.6986870765686035
2024-09-12 00:00:00-04:00,7.717838764190674
2024-09-13 00:00:00-04:00,7.804016590118408
2024-09-16 00:00:00-04:00,7.851893901824951
2024-09-17 00:00:00-04:00,7.784866809844971
2024-09-18 00:00:00-04:00,7.727413177490234
2024-09-19 00:00:00-04:00,7.794442176818848
2024-09-20 00:00:00-04:00,7.804016590118408
2024-09-23 00:00:00-04:00,7.842318534851074
2024-09-24 00:00:00-04:00,7.938074588775635
2024-09-25 00:00:00-04:00,7.890196323394775
2024-09-26 00:00:00-04:00,7.9859514236450195
2024-09-27 00:00:00-04:00,7.957225322723389
2024-09-30 00:00:00-04:00,7.899772644042969
2024-10-01 00:00:00-04:00,7.871046543121338
2024-10-02 00:00:00-04:00,7.842318534851074
2024-10-03 00:00:00-04:00,7.7465643882751465
2024-10-04 00:00:00-04:00,7.6603851318359375
2024-10-07 00:00:00-04:00,7.6125078201293945
2024-10-08 00:00:00-04:00,7.6125078201293945
2024-10-09 00:00:00-04:00,7.6125078201293945
2024-10-10 00:00:00-04:00,7.641234397888184
2024-10-11 00:00:00-04:00,7.6986870765686035
2024-10-14 00:00:00-04:00,7.717838764190674
2024-10-15 00:00:00-04:00,7.7465643882751465
2024-10-16 00:00:00-04:00,7.784866809844971
2024-10-17 00:00:00-04:00,7.813592433929443
2024-10-18 00:00:00-04:00,7.851893901824951
2024-10-21 00:00:00-04:00,7.784866809844971
2024-10-22 00:00:00-04:00,7.7657151222229
2024-10-23 00:00:00-04:00,7.7082624435424805
2024-10-24 00:00:00-04:00,7.7082624435424805
2024-10-25 00:00:00-04:00,7.67953634262085
2024-10-28 00:00:00-04:00,7.7465643882751465
2024-10-29 00:00:00-04:00,7.756140232086182
2024-10-30 00:00:00-04:00,7.67953634262085
2024-10-31 00:00:00-04:00,7.564630508422852
2024-11-01 00:00:00-04:00,7.641234397888184
2024-11-04 00:00:00-05:00,7.602931976318359
2024-11-05 00:00:00-05:00,7.641234397888184
2024-11-06 00:00:00-05:00,7.7369890213012695
2024-11-07 00:00:00-05:00,7.784866809844971
2024-11-08 00:00:00-05:00,7.794442176818848
2024-11-11 00:00:00-05:00,7.813592433929443
2024-11-12 00:00:00-05:00,7.775290489196777
2024-11-13 00:00:00-05:00,7.804016590118408
2024-11-14 00:00:00-05:00,7.861471176147461
2024-11-15 00:00:00-05:00,7.8231682777404785
2024-11-18 00:00:00-05:00,7.804016590118408
2024-11-19 00:00:00-05:00,7.8231682777404785
2024-11-20 00:00:00-05:00,7.861471176147461
2024-11-21 00:00:00-05:00,7.928498268127441
2024-11-22 00:00:00-05:00,8.033828735351562
2024-11-25 00:00:00-05:00,7.8327436447143555
2024-11-26 00:00:00-05:00,7.871046543121338
2024-11-27 00:00:00-05:00,7.784866809844971
2024-11-29 00:00:00-05:00,7.8231682777404785
2024-12-02 00:00:00-05:00,7.928498268127441
2024-12-03 00:00:00-05:00,8.033828735351562
2024-12-04 00:00:00-05:00,8.043403625488281
2024-12-05 00:00:00-05:00,8.043403625488281
2024-12-06 00:00:00-05:00,8.062556266784668
2024-12-09 00:00:00-05:00,8.014678001403809
2024-12-10 00:00:00-05:00,8.024252891540527
2024-12-11 00:00:00-05:00,8.081706047058105
2024-12-12 00:00:00-05:00,8.129584312438965
2024-12-13 00:00:00-05:00,8.129584312438965
2024-12-16 00:00:00-05:00,8.167885780334473
2024-12-17 00:00:00-05:00,8.141433715820312
2024-12-18 00:00:00-05:00,8.278594017028809
2024-12-19 00:00:00-05:00,8.170825004577637
2024-12-20 00:00:00-05:00,8.12183952331543
2024-12-23 00:00:00-05:00,8.180622100830078
2024-12-24 00:00:00-05:00,8.219810485839844
2024-12-26 00:00:00-05:00,8.219810485839844
2024-12-27 00:00:00-05:00,8.190418243408203
2024-12-30 00:00:00-05:00,8.161027908325195
2024-12-31 00:00:00-05:00,8.210013389587402
2025-01-02 00:00:00-05:00,8.229606628417969
2025-01-03 00:00:00-05:00,8.26879596710205
2025-01-06 00:00:00-05:00,8.200216293334961
2025-01-07 00:00:00-05:00,8.258999824523926
2025-01-08 00:00:00-05:00,8.298188209533691
2025-01-10 00:00:00-05:00,8.405956268310547
2025-01-13 00:00:00-05:00,8.317782402038574
2025-01-14 00:00:00-05:00,8.26879596710205
2025-01-15 00:00:00-05:00,8.239405632019043
2025-01-16 00:00:00-05:00,8.26879596710205
2025-01-17 00:00:00-05:00,8.327579498291016
2025-01-21 00:00:00-05:00,8.161027908325195
2025-01-22 00:00:00-05:00,8.239405632019043
2025-01-23 00:00:00-05:00,8.239405632019043
2025-01-24 00:00:00-05:00,8.180622100830078
2025-01-27 00:00:00-05:00,7.994475841522217
2025-01-28 00:00:00-05:00,8.112041473388672
2025-01-29 00:00:00-05:00,8.200216293334961
2025-01-30 00:00:00-05:00,8.210013389587402
2025-01-31 00:00:00-05:00,8.249202728271484
2025-02-03 00:00:00-05:00,8.337376594543457
2025-02-04 00:00:00-05:00,8.307984352111816
2025-02-05 00:00:00-05:00,8.298188209533691
2025-02-06 00:00:00-05:00,8.396159172058105
2025-02-07 00:00:00-05:00,8.552913665771484
2025-02-10 00:00:00-05:00,8.641088485717773
2025-02-11 00:00:00-05:00,8.601899147033691
2025-02-12 00:00:00-05:00,8.650885581970215
2025-02-13 00:00:00-05:00,8.650885581970215
2025-02-14 00:00:00-05:00,8.601899147033691
2025-02-18 00:00:00-05:00,8.778247833251953
2025-02-19 00:00:00-05:00,8.75865364074707
2025-02-20 00:00:00-05:00,8.650885581970215
2025-02-21 00:00:00-05:00,8.572507858276367
2025-02-24 00:00:00-05:00,8.513725280761719
2025-02-25 00:00:00-05:00,8.474536895751953
2025-02-26 00:00:00-05:00,8.631292343139648
2025-02-27 00:00:00-05:00,8.729262351989746
2025-02-28 00:00:00-05:00,8.650885581970215
2025-03-03 00:00:00-05:00,8.778247833251953
2025-03-04 00:00:00-05:00,8.729262351989746
2025-03-05 00:00:00-05:00,8.788045883178711
2025-03-06 00:00:00-05:00,8.729262351989746
2025-03-07 00:00:00-05:00,8.680276870727539
2025-03-10 00:00:00-04:00,8.592103004455566
2025-03-11 00:00:00-04:00,8.650885581970215
2025-03-12 00:00:00-04:00,8.70966911315918
2025-03-13 00:00:00-04:00,8.739059448242188
2025-03-14 00:00:00-04:00,8.699871063232422
2025-03-17 00:00:00-04:00,8.631292343139648
2025-03-18 00:00:00-04:00,8.680276870727539
2025-03-19 00:00:00-04:00,8.817437171936035
2025-03-20 00:00:00-04:00,8.84682846069336
2025-03-21 00:00:00-04:00,8.866423606872559
2025-03-24 00:00:00-04:00,8.84682846069336
2025-03-25 00:00:00-04:00,8.935002326965332
2025-03-26 00:00:00-04:00,8.8566255569458
2025-03-27 00:00:00-04:00,8.778247833251953
2025-03-28 00:00:00-04:00,8.807639122009277
2025-03-31 00:00:00-04:00,8.84682846069336
2025-04-01 00:00:00-04:00,8.886016845703125
2025-04-02 00:00:00-04:00,8.837032318115234
2025-04-03 00:00:00-04:00,8.92520523071289
2025-04-04 00:00:00-04:00,8.572507858276367
2025-04-07 00:00:00-04:00,8.219810485839844
2025-04-08 00:00:00-04:00,8.347173690795898
2025-04-09 00:00:00-04:00,8.219810485839844
2025-04-10 00:00:00-04:00,8.26879596710205
2025-04-11 00:00:00-04:00,8.249202728271484
2025-04-14 00:00:00-04:00,8.347173690795898
2025-04-15 00:00:00-04:00,8.405956268310547
2025-04-16 00:00:00-04:00,8.464739799499512
2025-04-17 00:00:00-04:00,8.484333992004395
2025-04-21 00:00:00-04:00,8.513725280761719
2025-04-22 00:00:00-04:00,8.552913665771484
2025-04-23 00:00:00-04:00,8.435348510742188
2025-04-24 00:00:00-04:00,8.503928184509277
2025-04-25 00:00:00-04:00,8.52352237701416
2025-04-28 00:00:00-04:00,8.592103004455566
2025-04-29 00:00:00-04:00,8.62149429321289
2025-04-30 00:00:00-04:00,8.650885581970215
2025-05-01 00:00:00-04:00,8.552913665771484
2025-05-02 00:00:00-04:00,8.464739799499512
2025-05-05 00:00:00-04:00,8.543116569519043
2025-05-06 00:00:00-04:00,8.631292343139648
2025-05-07 00:00:00-04:00,8.631292343139648
2025-05-08 00:00:00-04:00,8.464739799499512
2025-05-09 00:00:00-04:00,8.464739799499512
2025-05-12 00:00:00-04:00,8.180622100830078
2025-05-13 00:00:00-04:00,8.190418243408203
2025-05-14 00:00:00-04:00,8.229606628417969
2025-05-15 00:00:00-04:00,8.366767883300781
2025-05-16 00:00:00-04:00,8.366767883300781
2025-05-19 00:00:00-04:00,8.435348510742188
2025-05-20 00:00:00-04:00,8.484333992004395
2025-05-21 00:00:00-04:00,8.494131088256836
2025-05-22 00:00:00-04:00,8.513725280761719
2025-05-23 00:00:00-04:00,8.562710762023926
2025-05-27 00:00:00-04:00,8.552913665771484
2025-05-28 00:00:00-04:00,8.552913665771484
2025-05-29 00:00:00-04:00,8.562710762023926
2025-05-30 00:00:00-04:00,8.572507858276367
2025-06-02 00:00:00-04:00,8.660682678222656
2025-06-03 00:00:00-04:00,8.660682678222656
2025-06-04 00:00:00-04:00,8.680276870727539
2025-06-05 00:00:00-04:00,8.641088485717773
2025-06-06 00:00:00-04:00,8.572507858276367
2025-06-09 00:00:00-04:00,8.533319473266602
2025-06-10 00:00:00-04:00,8.484333992004395
2025-06-11 00:00:00-04:00,8.513725280761719
2025-06-12 00:00:00-04:00,8.552913665771484
2025-06-13 00:00:00-04:00,8.513725280761719
2025-06-16 00:00:00-04:00,8.552913665771484
2025-06-17 00:00:00-04:00,8.533319473266602
2025-06-18 00:00:00-04:00,8.503928184509277
2025-06-20 00:00:00-04:00,8.45494270324707
2025-06-23 00:00:00-04:00,8.474536895751953
2025-06-24 00:00:00-04:00,8.484333992004395
2025-06-25 00:00:00-04:00,8.552913665771484
2025-06-26 00:00:00-04:00,8.592103004455566
2025-06-27 00:00:00-04:00,8.533319473266602
2025-06-30 00:00:00-04:00,8.592103004455566
2025-07-01 00:00:00-04:00,8.552913665771484
2025-07-02 00:00:00-04:00,8.484333992004395
2025-07-03 00:00:00-04:00,8.513725280761719
2025-07-07 00:00:00-04:00,8.572507858276367
2025-07-08 00:00:00-04:00,8.513725280761719
2025-07-09 00:00:00-04:00,8.533319473266602
2025-07-10 00:00:00-04:00,8.435348510742188
2025-07-11 00:00:00-04:00,8.45494270324707
2025-07-14 00:00:00-04:00,8.503928184509277
2025-07-15 00:00:00-04:00,8.503928184509277
2025-07-16 00:00:00-04:00,8.513725280761719
2025-07-17 00:00:00-04:00,8.552913665771484
2025-07-18 00:00:00-04:00,8.572507858276367
2025-07-21 00:00:00-04:00,8.611696243286133
2025-07-22 00:00:00-04:00,8.533319473266602
2025-07-23 00:00:00-04:00,8.562710762023926
2025-07-24 00:00:00-04:00,8.562710762023926
2025-07-25 00:00:00-04:00,8.543116569519043
2025-07-28 00:00:00-04:00,8.562710762023926
2025-07-29 00:00:00-04:00,8.631292343139648
2025-07-30 00:00:00-04:00,8.70966911315918
2025-07-31 00:00:00-04:00,8.670480728149414
2025-08-01 00:00:00-04:00,8.484333992004395
2025-08-04 00:00:00-04:00,8.582304954528809
2025-08-05 00:00:00-04:00,8.582304954528809
2025-08-06 00:00:00-04:00,8.69007396697998
2025-08-07 00:00:00-04:00,8.660682678222656
2025-08-08 00:00:00-04:00,8.650885581970215
2025-08-11 00:00:00-04:00,8.660682678222656
2025-08-12 00:00:00-04:00,8.699871063232422
2025-08-13 00:00:00-04:00,8.70966911315918
2025-08-14 00:00:00-04:00,8.748857498168945
2025-08-15 00:00:00-04:00,8.739059448242188
2025-08-18 00:00:00-04:00,8.748857498168945
2025-08-19 00:00:00-04:00,8.670480728149414
2025-08-20 00:00:00-04:00,8.70966911315918
2025-08-21 00:00:00-04:00,8.748857498168945
2025-08-22 00:00:00-04:00,8.8566255569458
2025-08-25 00:00:00-04:00,8.876220703125
2025-08-26 00:00:00-04:00,8.827235221862793
2025-08-27 00:00:00-04:00,8.797842025756836
2025-08-28 00:00:00-04:00,8.827235221862793
2025-08-29 00:00:00-04:00,8.817437171936035
2025-09-02 00:00:00-04:00,8.866423606872559
2025-09-03 00:00:00-04:00,8.8566255569458
2025-09-04 00:00:00-04:00,8.84682846069336
2025-09-05 00:00:00-04:00,8.817437171936035
2025-09-08 00:00:00-04:00,8.866423606872559
2025-09-09 00:00:00-04:00,8.954597473144531
2025-09-10 00:00:00-04:00,9.062366485595703
2025-09-11 00:00:00-04:00,9.101554870605469
2025-09-12 00:00:00-04:00,9.140743255615234
2025-09-15 00:00:00-04:00,9.228918075561523
2025-09-16 00:00:00-04:00,9.199525833129883
2025-09-17 00:00:00-04:00,9.160337448120117
2025-09-18 00:00:00-04:00,9.228918075561523
2025-09-19 00:00:00-04:00,9.287699699401855
2025-09-22 00:00:00-04:00,9.326889038085938
2025-09-23 00:00:00-04:00,9.34648323059082
2025-09-24 00:00:00-04:00,9.375873565673828
2025-09-25 00:00:00-04:00,9.366077423095703
2025-09-26 00:00:00-04:00,9.395469665527344
2025-09-29 00:00:00-04:00,9.44445514678955
2025-09-30 00:00:00-04:00,9.464049339294434
2025-10-01 00:00:00-04:00,9.493439674377441
2025-10-02 00:00:00-04:00,9.5032377243042
2025-10-03 00:00:00-04:00,9.493439674377441
2025-10-06 00:00:00-04:00,9.464049339294434
2025-10-07 00:00:00-04:00,9.405266761779785
2025-10-08 00:00:00-04:00,9.473846435546875
2025-10-09 00:00:00-04:00,9.493439674377441
2025-10-10 00:00:00-04:00,9.268106460571289
2025-10-13 00:00:00-04:00,9.326889038085938
2025-10-14 00:00:00-04:00,9.297496795654297
2025-10-15 00:00:00-04:00,9.395469665527344
2025-10-16 00:00:00-04:00,9.473846435546875
2025-10-17 00:00:00-04:00,9.287699699401855
2025-10-20 00:00:00-04:00,9.424860954284668
2025-10-21 00:00:00-04:00,9.317091941833496
2025-10-22 00:00:00-04:00,9.297496795654297
2025-10-23 00:00:00-04:00,9.366077423095703
2025-10-24 00:00:00-04:00,9.483643531799316
2025-10-27 00:00:00-04:00,9.532628059387207
2025-10-28 00:00:00-04:00,9.522831916809082
2025-10-29 00:00:00-04:00,9.630600929260254
2025-10-30 00:00:00-04:00,9.591412544250488
2025-10-31 00:00:00-04:00,9.630600929260254
2025-11-03 00:00:00-05:00,9.74816608428955
2025-11-04 00:00:00-05:00,9.620803833007812
2025-11-05 00:00:00-05:00,9.66978931427002
2025-11-06 00:00:00-05:00,9.757963180541992
2025-11-07 00:00:00-05:00,9.66978931427002
2025-11-10 00:00:00-05:00,9.885326385498047
2025-11-11 00:00:00-05:00,9.924514770507812
2025-11-12 00:00:00-05:00,9.93431282043457
2025-11-13 00:00:00-05:00,9.83634090423584
2025-11-14 00:00:00-05:00,9.708977699279785
2025-11-17 00:00:00-05:00,9.718774795532227
2025-11-18 00:00:00-05:00,9.66978931427002
2025-11-19 00:00:00-05:00,9.689383506774902
2025-11-20 00:00:00-05:00,9.630600929260254
2025-11-21 00:00:00-05:00,9.405266761779785
2025-11-24 00:00:00-05:00,9.454251289367676
2025-11-25 00:00:00-05:00,9.493439674377441
2025-11-26 00:00:00-05:00,9.532628059387207
2025-11-28 00:00:00-05:00,9.493439674377441
2025-12-01 00:00:00-05:00,9.60120964050293
2025-12-02 00:00:00-05:00,9.611006736755371
2025-12-03 00:00:00-05:00,9.542426109313965
2025-12-04 00:00:00-05:00,9.591412544250488
2025-12-05 00:00:00-05:00,9.591412544250488
2025-12-08 00:00:00-05:00,9.562020301818848
2025-12-09 00:00:00-05:00,9.522831916809082
2025-12-10 00:00:00-05:00,9.58161449432373
2025-12-11 00:00:00-05:00,9.650195121765137
2025-12-12 00:00:00-05:00,9.591412544250488
2025-12-15 00:00:00-05:00,9.66978931427002
2025-12-16 00:00:00-05:00,9.532628059387207
2025-12-17 00:00:00-05:00,9.594752311706543
2025-12-18 00:00:00-05:00,9.6046142578125
2025-12-19 00:00:00-05:00,9.742668151855469
2025-12-22 00:00:00-05:00,9.77225112915039
2025-12-23 00:00:00-05:00,9.77225112915039
2025-12-24 00:00:00-05:00,9.782112121582031
2025-12-26 00:00:00-05:00,9.861000061035156
2025-12-29 00:00:00-05:00,9.779999732971191
2025-12-30 00:00:00-05:00,9.880000114440918
2025-12-31 00:00:00-05:00,9.850000381469727
2026-01-02 00:00:00-05:00,9.960000038146973
2026-01-05 00:00:00-05:00,10.100000381469727
2026-01-06 00:00:00-05:00,10.210000038146973
2026-01-07 00:00:00-05:00,10.119999885559082
2026-01-08 00:00:00-05:00,10.09000015258789
2026-01-09 00:00:00-05:00,10.140000343322754
2026-01-12 00:00:00-05:00,10.15999984741211
2026-01-13 00:00:00-05:00,10.229999542236328
2026-01-14 00:00:00-05:00,10.25
2026-01-15 00:00:00-05:00,10.229999542236328
2026-01-16 00:00:00-05:00,10.119999885559082
2026-01-20 00:00:00-05:00,10.119999885559082
2026-01-21 00:00:00-05:00,10.260000228881836
2026-01-22 00:00:00-05:00,10.329999923706055
2026-01-23 00:00:00-05:00,10.399999618530273
2026-01-26 00:00:00-05:00,10.449999809265137
2026-01-27 00:00:00-05:00,10.5600004196167
2026-01-28 00:00:00-05:00,10.710000038146973
2026-01-29 00:00:00-05:00,10.8100004196167
2026-01-30 00:00:00-05:00,10.529999732971191
2026-02-02 00:00:00-05:00,10.489999771118164
2026-02-03 00:00:00-05:00,10.670000076293945
2026-02-04 00:00:00-05:00,10.729999542236328
2026-02-05 00:00:00-05:00,10.609999656677246
2026-02-06 00:00:00-05:00,10.760000228881836
2026-02-09 00:00:00-05:00,10.859999656677246
2026-02-10 00:00:00-05:00,10.779999732971191
2026-02-11 00:00:00-05:00,10.899999618530273
2026-02-12 00:00:00-05:00,10.789999961853027
2026-02-13 00:00:00-05:00,10.760000228881836
2026-02-17 00:00:00-05:00,10.680000305175781
2026-02-18 00:00:00-05:00,10.819999694824219
2026-02-19 00:00:00-05:00,10.859999656677246
2026-02-20 00:00:00-05:00,10.90999984741211
2026-02-23 00:00:00-05:00,10.960000038146973
2026-02-24 00:00:00-05:00,10.979999542236328
2026-02-25 00:00:00-05:00,11.079999923706055
2026-02-26 00:00:00-05:00,10.960000038146973
2026-02-27 00:00:00-05:00,10.970000267028809
2026-03-02 00:00:00-05:00,11.020000457763672
2026-03-03 00:00:00-05:00,10.90999984741211
2026-03-04 00:00:00-05:00,10.90999984741211
2026-03-05 00:00:00-05:00,10.850000381469727
2026-03-06 00:00:00-05:00,10.84000015258789
2026-03-09 00:00:00-04:00,10.850000381469727
2026-03-10 00:00:00-04:00,10.9399995803833
2026-03-11 00:00:00-04:00,11.050000190734863
2026-03-12 00:00:00-04:00,11.079999923706055
2026-03-13 00:00:00-04:00,10.989999771118164
2026-03-16 00:00:00-04:00,10.949999809265137
2026-03-17 00:00:00-04:00,11.0
2026-03-18 00:00:00-04:00,11.130000114440918
2026-03-19 00:00:00-04:00,11.130000114440918
2026-03-20 00:00:00-04:00,11.239999771118164
2026-03-23 00:00:00-04:00,11.029999732971191
2026-03-24 00:00:00-04:00,11.210000038146973
2026-03-25 00:00:00-04:00,11.140000343322754
2026-03-26 00:00:00-04:00,11.25
2026-03-27 00:00:00-04:00,11.359999656677246
2026-03-30 00:00:00-04:00,11.289999961853027
2026-03-31 00:00:00-04:00,11.220000267028809
2026-04-01 00:00:00-04:00,11.260000228881836
2026-04-02 00:00:00-04:00,11.3100004196167
